apo_bmrb,holo_bmrb,holo_pdb,chain,apo_resi,apo_aa,holo_resi,holo_aa,H_apo,N_apo,CA_apo,HA_apo,H_holo,N_holo,CA_holo,HA_holo,H_holo_original,N_holo_original,CA_holo_original,H_offset,N_offset,CA_offset,HA_offset,dH,dN,dCA,csp_CA,csp_CA_z,csp_CA_significant,csp_CA_significant_1sd,csp_CA_significant_2sd,delta_sasa,occluded
34247,34248,6G04,A,2,G,2,G,,,45.2310,3.9180,,,45.2760,3.9220,,,45.2760,,,,-0.1200,,,0.0450,,,0,,,0.0000,0
34247,34248,6G04,A,3,S,3,S,8.3150,115.5150,58.3010,4.3080,8.2910,115.4510,58.3820,4.3150,8.4110,115.8010,58.3820,-0.1200,-0.3500,0.0000,-0.1200,-0.0240,-0.0640,0.0810,0.0204,-0.7388,0,0,0,0.0000,0
34247,34248,6G04,A,4,H,4,H,8.4270,121.0180,55.9900,4.5340,8.4270,120.8100,56.2360,4.5220,8.5470,121.1600,56.2360,-0.1200,-0.3500,0.0000,-0.1200,0.0000,-0.2080,0.2460,0.0458,-0.1353,0,0,0,0.0000,0
34247,34248,6G04,A,5,M,5,M,8.2930,121.2290,55.5660,4.3480,8.2610,121.2250,55.5680,4.3470,8.3810,121.5750,55.5680,-0.1200,-0.3500,0.0000,-0.1200,-0.0320,-0.0040,0.0020,0.0185,-0.7841,0,0,0,0.0000,0
34247,34248,6G04,A,6,S,6,S,8.3200,116.5700,58.4280,4.3800,8.3180,116.6510,58.4440,4.3850,8.4380,117.0010,58.4440,-0.1200,-0.3500,0.0000,-0.1200,-0.0020,0.0810,0.0160,0.0072,-1.0518,0,0,0,0.0000,0
34247,34248,6G04,A,7,T,7,T,8.0970,115.2980,62.0360,4.1690,8.1060,115.4640,62.1190,4.1750,8.2260,115.8140,62.1190,-0.1200,-0.3500,0.0000,-0.1200,0.0090,0.1660,0.0830,0.0203,-0.7399,0,0,0,0.0000,0
34247,34248,6G04,A,8,Q,8,Q,8.1430,121.6140,55.9510,4.1300,8.1580,121.7720,55.9920,4.1380,8.2780,122.1220,55.9920,-0.1200,-0.3500,0.0000,-0.1200,0.0150,0.1580,0.0410,0.0170,-0.8196,0,0,0,0.0000,0
34247,34248,6G04,A,9,Y,9,Y,8.1050,120.7970,57.9340,4.4350,8.1310,121.0240,58.0220,4.4400,8.2510,121.3740,58.0220,-0.1200,-0.3500,0.0000,-0.1200,0.0260,0.2270,0.0880,0.0282,-0.5537,0,0,0,0.0000,0
34247,34248,6G04,A,10,I,10,I,7.8350,121.8400,60.7830,3.9710,7.8620,122.0350,60.7610,3.9810,7.9820,122.3850,60.7610,-0.1200,-0.3500,0.0000,-0.1200,0.0270,0.1950,-0.0220,0.0225,-0.6888,0,0,0,0.0000,0
34247,34248,6G04,A,11,D,11,D,8.1220,123.4620,53.8980,4.4570,8.1240,123.6100,53.9060,4.4590,8.2440,123.9600,53.9060,-0.1200,-0.3500,0.0000,-0.1200,0.0020,0.1480,0.0080,0.0121,-0.9356,0,0,0,0.0000,0
34247,34248,6G04,A,12,E,12,E,8.5590,121.3400,57.4810,4.0510,8.5730,121.4210,57.4780,4.0470,8.6930,121.7710,57.4780,-0.1200,-0.3500,0.0000,-0.1200,0.0140,0.0810,-0.0030,0.0104,-0.9756,0,0,0,0.0000,0
34247,34248,6G04,A,13,T,13,T,8.1800,111.8880,62.0300,4.2870,8.1870,112.1360,62.0480,4.2860,8.3070,112.4860,62.0480,-0.1200,-0.3500,0.0000,-0.1200,0.0070,0.2480,0.0180,0.0207,-0.7317,0,0,0,0.0000,0
34247,34248,6G04,A,14,A,14,A,7.8340,125.9940,52.4530,4.2730,7.8500,126.1220,52.4590,4.2600,7.9700,126.4720,52.4590,-0.1200,-0.3500,0.0000,-0.1200,0.0160,0.1280,0.0060,0.0139,-0.8926,0,0,0,0.0000,0
34247,34248,6G04,A,15,F,15,F,7.7930,116.7600,56.2670,5.1600,7.7950,116.7800,56.3380,5.1630,7.9150,117.1300,56.3380,-0.1200,-0.3500,0.0000,-0.1200,0.0020,0.0200,0.0710,0.0125,-0.9271,0,0,0,0.0000,0
34247,34248,6G04,A,16,V,16,V,8.4490,115.9430,60.0150,4.1740,8.4500,116.0800,60.0890,4.1690,8.5700,116.4300,60.0890,-0.1200,-0.3500,0.0000,-0.1200,0.0010,0.1370,0.0740,0.0169,-0.8205,0,0,0,0.0000,0
34247,34248,6G04,A,17,Q,17,Q,8.3480,120.6290,53.3550,5.1170,8.3660,120.8180,53.3590,5.1220,8.4860,121.1680,53.3590,-0.1200,-0.3500,0.0000,-0.1200,0.0180,0.1890,0.0040,0.0185,-0.7839,0,0,0,0.0000,0
34247,34248,6G04,A,18,A,18,A,8.6280,127.2050,52.1500,4.0310,8.6560,127.3620,52.2260,4.0220,8.7760,127.7120,52.2260,-0.1200,-0.3500,0.0000,-0.1200,0.0280,0.1570,0.0760,0.0244,-0.6434,0,0,0,0.0000,0
34247,34248,6G04,A,19,E,19,E,8.6310,121.2400,56.2340,4.0930,8.6340,121.4350,56.2960,4.0890,8.7540,121.7850,56.2960,-0.1200,-0.3500,0.0000,-0.1200,0.0030,0.1950,0.0620,0.0192,-0.7682,0,0,0,0.0000,0
34247,34248,6G04,A,20,Q,20,Q,8.5290,120.4450,57.8070,3.9370,8.5470,120.5820,57.8770,3.9360,8.6670,120.9320,57.8770,-0.1200,-0.3500,0.0000,-0.1200,0.0180,0.1370,0.0700,0.0194,-0.7615,0,0,0,0.0000,0
34247,34248,6G04,A,21,G,21,G,8.7030,112.5410,45.0620,3.8595,8.7130,112.6620,45.1250,3.8610,8.8330,113.0120,45.1250,-0.1200,-0.3500,0.0000,-0.1200,0.0100,0.1210,0.0630,0.0157,-0.8489,0,0,0,0.0000,0
34247,34248,6G04,A,22,K,22,K,7.9220,119.8190,54.8550,4.5730,7.9290,119.9400,54.9260,4.5760,8.0490,120.2900,54.9260,-0.1200,-0.3500,0.0000,-0.1200,0.0070,0.1210,0.0710,0.0162,-0.8377,0,0,0,0.0000,0
34247,34248,6G04,A,23,T,23,T,8.6610,110.5640,62.2160,4.0660,8.6820,110.7370,62.3110,4.0600,8.8020,111.0870,62.3110,-0.1200,-0.3500,0.0000,-0.1200,0.0210,0.1730,0.0950,0.0248,-0.6349,0,0,0,0.0000,0
34247,34248,6G04,A,24,N,24,N,7.4190,113.4710,52.5640,4.4160,7.4210,113.4490,52.6080,4.4240,7.5410,113.7990,52.6080,-0.1200,-0.3500,0.0000,-0.1200,0.0020,-0.0220,0.0440,0.0079,-1.0350,0,0,0,0.0000,0
34247,34248,6G04,A,25,L,25,L,7.5470,117.7690,55.2500,4.1650,7.5840,117.8790,55.3690,4.1610,7.7040,118.2290,55.3690,-0.1200,-0.3500,0.0000,-0.1200,0.0370,0.1100,0.1190,0.0310,-0.4872,0,0,0,0.0000,0
34247,34248,6G04,A,26,M,26,M,8.0990,122.4260,56.8900,3.9540,8.1080,122.6590,56.9860,3.9420,8.2280,123.0090,56.9860,-0.1200,-0.3500,0.0000,-0.1200,0.0090,0.2330,0.0960,0.0257,-0.6138,0,0,0,0.0000,0
34247,34248,6G04,A,27,F,27,F,8.1060,124.8860,58.4160,4.2440,8.0810,125.2260,59.1060,4.5730,8.2010,125.5760,59.1060,-0.1200,-0.3500,0.0000,-0.1200,-0.0250,0.3400,0.6900,0.1235,1.7087,1,1,0,0.0000,0
34247,34248,6G04,A,28,S,28,S,8.8740,116.8970,59.6020,4.2230,8.8670,117.1720,59.7700,4.2070,8.9870,117.5220,59.7700,-0.1200,-0.3500,0.0000,-0.1200,-0.0070,0.2750,0.1680,0.0368,-0.3482,0,0,0,0.0000,0
34247,34248,6G04,A,29,D,29,D,7.2160,121.2760,53.2290,4.6810,7.2750,121.5700,53.2660,4.6720,7.3950,121.9200,53.2660,-0.1200,-0.3500,0.0000,-0.1200,0.0590,0.2940,0.0370,0.0420,-0.2251,0,0,0,0.0000,0
34247,34248,6G04,A,30,E,30,E,8.9640,126.5500,59.6960,3.9260,8.9550,126.4870,59.8200,3.9420,9.0750,126.8370,59.8200,-0.1200,-0.3500,0.0000,-0.1200,-0.0090,-0.0630,0.1240,0.0227,-0.6845,0,0,0,0.0000,0
34247,34248,6G04,A,31,K,31,K,8.1090,121.2190,59.2240,3.9090,8.1140,121.0670,59.1130,3.9310,8.2340,121.4170,59.1130,-0.1200,-0.3500,0.0000,-0.1200,0.0050,-0.1520,-0.1110,0.0230,-0.6768,0,0,0,0.0000,0
34247,34248,6G04,A,32,Q,32,Q,7.7550,123.6960,58.6800,3.6820,7.8330,123.5720,58.9670,3.6340,7.9530,123.9220,58.9670,-0.1200,-0.3500,0.0000,-0.1200,0.0780,-0.1240,0.2870,0.0678,0.3873,1,0,0,0.0000,0
34247,34248,6G04,A,33,Q,33,Q,8.2530,116.8860,58.4530,4.2460,8.3270,116.6930,58.4500,4.2610,8.4470,117.0430,58.4500,-0.1200,-0.3500,0.0000,-0.1200,0.0740,-0.1930,-0.0030,0.0455,-0.1429,0,0,0,0.0000,0
34247,34248,6G04,A,34,A,34,A,7.9320,120.3570,55.1590,3.9960,7.9210,120.3800,55.1920,3.9750,8.0410,120.7300,55.1920,-0.1200,-0.3500,0.0000,-0.1200,-0.0110,0.0230,0.0330,0.0087,-1.0152,0,0,0,3.8183,1
34247,34248,6G04,A,35,R,35,R,8.0310,119.3810,58.3840,3.6780,8.1650,118.6750,59.8640,3.4470,8.2850,119.0250,59.8640,-0.1200,-0.3500,0.0000,-0.1200,0.1340,-0.7060,1.4800,0.2738,5.2771,1,1,1,1.7909,1
34247,34248,6G04,A,36,F,36,F,7.9440,119.7810,61.5460,4.2940,7.9280,119.9510,61.4930,4.3280,8.0480,120.3010,61.4930,-0.1200,-0.3500,0.0000,-0.1200,-0.0160,0.1700,-0.0530,0.0189,-0.7734,0,0,0,0.0000,0
34247,34248,6G04,A,37,E,37,E,8.3710,117.5510,60.5080,3.1100,8.2870,118.6930,60.6270,3.0650,8.4070,119.0430,60.6270,-0.1200,-0.3500,0.0000,-0.1200,-0.0840,1.1420,0.1190,0.1063,1.3006,1,1,0,0.0907,1
34247,34248,6G04,A,38,L,38,L,7.6800,120.8400,57.3890,3.8680,7.9880,117.0470,57.1570,3.5670,8.1080,117.3970,57.1570,-0.1200,-0.3500,0.0000,-0.1200,0.3080,-3.7930,-0.2320,0.3567,7.2457,1,1,1,4.6122,1
34247,34248,6G04,A,39,G,39,G,8.3940,107.6640,48.6640,3.3610,8.3050,107.3750,48.7820,3.3555,8.4250,107.7250,48.7820,-0.1200,-0.3500,0.0000,-0.1200,-0.0890,-0.2890,0.1180,0.0600,0.2024,1,0,0,0.0000,0
34247,34248,6G04,A,40,V,40,V,8.3560,119.8400,67.7370,3.0510,8.4800,120.4620,67.8310,3.0510,8.6000,120.8120,67.8310,-0.1200,-0.3500,0.0000,-0.1200,0.1240,0.6220,0.0940,0.0890,0.8898,1,0,0,0.0000,0
34247,34248,6G04,A,41,S,41,S,7.3050,111.3950,61.0690,3.9540,7.7440,112.3960,61.7020,4.0830,7.8640,112.7460,61.7020,-0.1200,-0.3500,0.0000,-0.1200,0.4390,1.0010,0.6330,0.2878,5.6092,1,1,1,3.8198,1
34247,34248,6G04,A,42,M,42,M,8.1850,114.7830,56.5460,4.0450,8.1360,114.5260,56.7030,4.1170,8.2560,114.8760,56.7030,-0.1200,-0.3500,0.0000,-0.1200,-0.0490,-0.2570,0.1570,0.0444,-0.1687,0,0,0,1.8321,1
34247,34248,6G04,A,43,V,43,V,8.0320,119.5900,66.7210,3.5090,8.0190,120.5880,66.9610,3.4870,8.1390,120.9380,66.9610,-0.1200,-0.3500,0.0000,-0.1200,-0.0130,0.9980,0.2400,0.0911,0.9390,1,0,0,0.0000,0
34247,34248,6G04,A,44,I,44,I,8.2670,121.2170,63.8630,3.7150,8.4700,121.8680,63.4350,3.7330,8.5900,122.2180,63.4350,-0.1200,-0.3500,0.0000,-0.1200,0.2030,0.6510,-0.4280,0.1483,2.2987,1,1,1,0.0000,0
34247,34248,6G04,A,45,Y,45,Y,8.6810,119.8360,61.3620,4.0990,8.6570,119.6190,62.6360,4.0630,8.7770,119.9690,62.6360,-0.1200,-0.3500,0.0000,-0.1200,-0.0240,-0.2170,1.2740,0.2218,4.0429,1,1,1,0.9980,1
34247,34248,6G04,A,46,K,46,K,7.5370,117.1430,56.6040,4.3250,7.7130,118.4990,56.8320,4.3560,7.8330,118.8490,56.8320,-0.1200,-0.3500,0.0000,-0.1200,0.1760,1.3560,0.2280,0.1546,2.4474,1,1,1,0.0000,0
34247,34248,6G04,A,47,W,47,W,7.6130,120.6010,54.6570,4.9390,7.5300,120.0610,54.6290,4.9740,7.6500,120.4110,54.6290,-0.1200,-0.3500,0.0000,-0.1200,-0.0830,-0.5400,-0.0280,0.0650,0.3204,1,0,0,0.0000,0
34247,34248,6G04,A,48,D,48,D,9.2460,134.6000,58.5220,4.2150,9.2550,135.3070,58.5710,4.2340,9.3750,135.6570,58.5710,-0.1200,-0.3500,0.0000,-0.1200,0.0090,0.7070,0.0490,0.0580,0.1543,1,0,0,0.0000,0
34247,34248,6G04,A,49,A,49,A,7.6400,119.3680,54.5060,3.5910,7.7800,119.8060,54.6860,3.6300,7.9000,120.1560,54.6860,-0.1200,-0.3500,0.0000,-0.1200,0.1400,0.4380,0.1800,0.0936,0.9991,1,0,0,0.0000,0
34247,34248,6G04,A,50,L,50,L,5.1190,114.5160,55.5110,3.3060,,,55.5530,3.2780,,,55.5530,,,,-0.1200,,,0.0420,,,0,,,0.0000,0
34247,34248,6G04,A,51,D,51,D,7.6040,120.9190,58.4320,3.9680,7.5340,121.2970,58.5360,3.9670,7.6540,121.6470,58.5360,-0.1200,-0.3500,0.0000,-0.1200,-0.0700,0.3780,0.1040,0.0538,0.0538,1,0,0,0.0000,0
34247,34248,6G04,A,52,V,52,V,8.1070,117.1710,65.7280,3.1880,8.1710,117.5370,65.8100,3.1880,8.2910,117.8870,65.8100,-0.1200,-0.3500,0.0000,-0.1200,0.0640,0.3660,0.0820,0.0494,-0.0496,0,0,0,0.0000,0
34247,34248,6G04,A,53,A,53,A,6.5270,121.7960,54.1850,3.1110,6.6660,121.9330,54.3820,3.2180,6.7860,122.2830,54.3820,-0.1200,-0.3500,0.0000,-0.1200,0.1390,0.1370,0.1970,0.0879,0.8642,1,0,0,0.0000,0
34247,34248,6G04,A,54,V,54,V,7.9140,117.1780,66.4930,3.4450,8.1750,117.6930,66.8660,3.4910,8.2950,118.0430,66.8660,-0.1200,-0.3500,0.0000,-0.1200,0.2610,0.5150,0.3730,0.1692,2.7932,1,1,1,0.0000,0
34247,34248,6G04,A,55,E,55,E,8.6450,121.3210,58.8760,3.7610,8.6510,121.7160,59.0740,3.7650,8.7710,122.0660,59.0740,-0.1200,-0.3500,0.0000,-0.1200,0.0060,0.3950,0.1980,0.0470,-0.1074,0,0,0,0.0000,0
34247,34248,6G04,A,56,N,56,N,7.3390,113.4950,53.0880,4.5010,7.3320,113.5560,53.0970,4.4580,7.4520,113.9060,53.0970,-0.1200,-0.3500,0.0000,-0.1200,-0.0070,0.0610,0.0090,0.0066,-1.0670,0,0,0,0.0000,0
34247,34248,6G04,A,57,S,57,S,7.9420,113.1040,58.9010,4.1810,7.9710,113.1230,58.9450,4.1250,8.0910,113.4730,58.9450,-0.1200,-0.3500,0.0000,-0.1200,0.0290,0.0190,0.0440,0.0185,-0.7846,0,0,0,0.0000,0
34247,34248,6G04,A,58,W,58,W,9.1430,120.5090,57.4250,4.7320,9.1920,120.8900,57.4030,4.7610,9.3120,121.2400,57.4030,-0.1200,-0.3500,0.0000,-0.1200,0.0490,0.3810,-0.0220,0.0420,-0.2259,0,0,0,0.0000,0
34247,34248,6G04,A,59,G,59,G,7.7870,104.6280,45.2630,3.6765,7.5610,103.9780,45.4830,3.5125,7.6810,104.3280,45.4830,-0.1200,-0.3500,0.0000,-0.1200,-0.2260,-0.6500,0.2200,0.1457,2.2371,1,1,1,0.0000,0
34247,34248,6G04,A,60,G,60,G,7.4630,105.9840,44.2260,4.2090,7.5620,107.2200,44.4780,4.1775,7.6820,107.5700,44.4780,-0.1200,-0.3500,0.0000,-0.1200,0.0990,1.2360,0.2520,0.1231,1.6997,1,1,0,0.0000,0
34247,34248,6G04,A,61,P,61,P,,,64.8770,4.4040,,,65.1040,4.3900,,,65.1040,,,,-0.1200,,,0.2270,,,0,,,,0
34247,34248,6G04,A,62,D,62,D,8.7280,116.9950,53.1230,4.9710,8.6970,115.7920,53.7330,5.0460,8.8170,116.1420,53.7330,-0.1200,-0.3500,0.0000,-0.1200,-0.0310,-1.2030,0.6100,0.1447,2.2126,1,1,1,0.0000,0
34247,34248,6G04,A,63,S,63,S,7.5280,115.1090,64.7940,3.7520,7.6180,115.6770,65.4420,3.5170,7.7380,116.0270,65.4420,-0.1200,-0.3500,0.0000,-0.1200,0.0900,0.5680,0.6480,0.1319,1.9094,1,1,0,0.0000,0
34247,34248,6G04,A,64,A,64,A,8.8920,122.6350,55.8860,3.9290,8.9940,122.4310,56.1850,4.0000,9.1140,122.7810,56.1850,-0.1200,-0.3500,0.0000,-0.1200,0.1020,-0.2040,0.2990,0.0801,0.6797,1,0,0,0.0000,0
34247,34248,6G04,A,65,E,65,E,8.1320,120.7890,59.7170,4.0250,7.7900,119.6350,60.0510,4.2790,7.9100,119.9850,60.0510,-0.1200,-0.3500,0.0000,-0.1200,-0.3420,-1.1540,0.3340,0.2259,4.1407,1,1,1,7.6936,1
34247,34248,6G04,A,66,K,66,K,7.9330,119.5140,59.5750,3.7700,8.2460,118.8490,59.9350,4.0610,8.3660,119.1990,59.9350,-0.1200,-0.3500,0.0000,-0.1200,0.3130,-0.6650,0.3600,0.1986,3.4918,1,1,1,4.2100,1
34247,34248,6G04,A,67,R,67,R,7.5090,118.6330,59.8510,4.1260,7.5350,119.4210,59.8840,4.1850,7.6550,119.7710,59.8840,-0.1200,-0.3500,0.0000,-0.1200,0.0260,0.7880,0.0330,0.0657,0.3367,1,0,0,0.0000,0
34247,34248,6G04,A,68,D,68,D,7.1470,118.3820,57.6090,4.6160,6.8820,116.9810,56.9960,4.9230,7.0020,117.3310,56.9960,-0.1200,-0.3500,0.0000,-0.1200,-0.2650,-1.4010,-0.6130,0.2180,3.9518,1,1,1,6.6733,1
34247,34248,6G04,A,69,W,69,W,8.4740,123.9100,59.9860,4.3900,8.5850,126.2040,61.0640,4.5690,8.7050,126.5540,61.0640,-0.1200,-0.3500,0.0000,-0.1200,0.1110,2.2940,1.0780,0.2708,5.2072,1,1,1,6.2859,1
34247,34248,6G04,A,70,I,70,I,8.0520,120.7750,66.1120,3.4550,8.2210,123.4080,66.0950,2.9970,8.3410,123.7580,66.0950,-0.1200,-0.3500,0.0000,-0.1200,0.1690,2.6330,-0.0170,0.2341,4.3361,1,1,1,0.0000,0
34247,34248,6G04,A,71,T,71,T,7.8300,116.1170,67.6940,4.3230,7.7620,115.1790,67.2670,4.3950,7.8820,115.5290,67.2670,-0.1200,-0.3500,0.0000,-0.1200,-0.0680,-0.9380,-0.4270,0.1130,1.4590,1,1,0,1.5102,1
34247,34248,6G04,A,72,G,72,G,7.5270,106.1990,47.4710,3.6770,7.2880,106.5360,47.8870,3.7855,7.4080,106.8860,47.8870,-0.1200,-0.3500,0.0000,-0.1200,-0.2390,0.3370,0.4160,0.1580,2.5291,1,1,1,2.0360,1
34247,34248,6G04,A,73,I,73,I,7.7260,119.8440,64.6210,3.7980,8.1100,116.7770,64.7850,4.0390,8.2300,117.1270,64.7850,-0.1200,-0.3500,0.0000,-0.1200,0.3840,-3.0670,0.1640,0.3338,6.7019,1,1,1,0.9238,1
34247,34248,6G04,A,74,V,74,V,7.6230,121.0470,66.9520,3.6050,7.6470,123.2020,66.9300,3.6500,7.7670,123.5520,66.9300,-0.1200,-0.3500,0.0000,-0.1200,0.0240,2.1550,-0.0220,0.1748,2.9267,1,1,1,0.0000,0
34247,34248,6G04,A,75,V,75,V,8.4820,119.6260,67.9390,3.6000,8.4790,119.5620,67.8540,3.6600,8.5990,119.9120,67.8540,-0.1200,-0.3500,0.0000,-0.1200,-0.0030,-0.0640,-0.0850,0.0157,-0.8501,0,0,0,0.0000,0
34247,34248,6G04,A,76,D,76,D,8.5060,119.1280,57.2410,4.3490,8.4930,119.3310,57.3890,4.3460,8.6130,119.6810,57.3890,-0.1200,-0.3500,0.0000,-0.1200,-0.0130,0.2030,0.1480,0.0313,-0.4786,0,0,0,0.0000,0
34247,34248,6G04,A,77,L,77,L,7.6090,120.1620,58.3310,3.9700,7.5050,119.5670,58.4750,3.9630,7.6250,119.9170,58.4750,-0.1200,-0.3500,0.0000,-0.1200,-0.1040,-0.5950,0.1440,0.0809,0.6972,1,0,0,0.0000,0
34247,34248,6G04,A,78,F,78,F,7.2690,113.2920,60.2660,3.7310,7.2180,113.3950,60.2020,3.7300,7.3380,113.7450,60.2020,-0.1200,-0.3500,0.0000,-0.1200,-0.0510,0.1030,-0.0640,0.0325,-0.4502,0,0,0,0.0000,0
34247,34248,6G04,A,79,K,79,K,7.3590,114.3020,58.7500,3.8440,7.3930,114.3350,58.8960,3.8290,7.5130,114.6850,58.8960,-0.1200,-0.3500,0.0000,-0.1200,0.0340,0.0330,0.1460,0.0321,-0.4602,0,0,0,0.0000,0
34247,34248,6G04,A,80,N,80,N,7.4660,112.6520,53.9070,4.7830,7.4700,112.5300,53.9440,4.7780,7.5900,112.8800,53.9440,-0.1200,-0.3500,0.0000,-0.1200,0.0040,-0.1220,0.0370,0.0120,-0.9383,0,0,0,0.0000,0
34247,34248,6G04,A,81,E,81,E,7.5990,118.4620,54.4020,4.5670,7.6030,118.5950,54.5430,4.5820,7.7230,118.9450,54.5430,-0.1200,-0.3500,0.0000,-0.1200,0.0040,0.1330,0.1410,0.0268,-0.5870,0,0,0,0.0000,0
34247,34248,6G04,A,82,K,82,K,8.2800,114.5200,56.7950,3.8330,8.2920,114.6940,56.8880,3.8230,8.4120,115.0440,56.8880,-0.1200,-0.3500,0.0000,-0.1200,0.0120,0.1740,0.0930,0.0225,-0.6892,0,0,0,0.0000,0
34247,34248,6G04,A,83,V,83,V,7.2060,117.1750,60.9920,4.6270,7.1900,117.1760,60.9210,4.6430,7.3100,117.5260,60.9210,-0.1200,-0.3500,0.0000,-0.1200,-0.0160,0.0010,-0.0710,0.0154,-0.8577,0,0,0,0.0000,0
34247,34248,6G04,A,84,V,84,V,7.9960,124.4740,61.9400,3.7710,7.9990,124.7790,62.0510,3.7450,8.1190,125.1290,62.0510,-0.1200,-0.3500,0.0000,-0.1200,0.0030,0.3050,0.1110,0.0313,-0.4795,0,0,0,0.0000,0
34247,34248,6G04,A,85,D,85,D,7.0670,122.2410,50.6710,5.1980,7.0740,122.4650,50.6570,5.1970,7.1940,122.8150,50.6570,-0.1200,-0.3500,0.0000,-0.1200,0.0070,0.2240,-0.0140,0.0187,-0.7787,0,0,0,0.0000,0
34247,34248,6G04,A,86,A,86,A,8.3660,120.8850,55.3600,3.6780,8.3400,120.9600,55.3630,3.6760,8.4600,121.3100,55.3630,-0.1200,-0.3500,0.0000,-0.1200,-0.0260,0.0750,0.0030,0.0162,-0.8383,0,0,0,0.0000,0
34247,34248,6G04,A,87,A,87,A,7.9700,118.7970,55.1180,4.0070,7.9800,118.7710,55.1330,3.9970,8.1000,119.1210,55.1330,-0.1200,-0.3500,0.0000,-0.1200,0.0100,-0.0260,0.0150,0.0067,-1.0645,0,0,0,0.0000,0
34247,34248,6G04,A,88,L,88,L,8.0350,120.5400,57.6960,4.1760,8.0030,120.9740,57.8140,4.1550,8.1230,121.3240,57.8140,-0.1200,-0.3500,0.0000,-0.1200,-0.0320,0.4340,0.1180,0.0446,-0.1638,0,0,0,0.6603,1
34247,34248,6G04,A,89,I,89,I,7.5820,120.2410,66.1660,3.2700,7.4560,119.7570,66.0890,3.2680,7.5760,120.1070,66.0890,-0.1200,-0.3500,0.0000,-0.1200,-0.1260,-0.4840,-0.0770,0.0837,0.7636,1,0,0,0.0000,0
34247,34248,6G04,A,90,E,90,E,8.8730,120.6590,60.3820,3.3950,8.8710,120.5060,60.4080,3.3510,8.9910,120.8560,60.4080,-0.1200,-0.3500,0.0000,-0.1200,-0.0020,-0.1530,0.0260,0.0132,-0.9092,0,0,0,0.0000,0
34247,34248,6G04,A,91,E,91,E,8.2780,117.0670,59.6850,3.7880,8.2020,117.2740,59.8350,3.7290,8.3220,117.6240,59.8350,-0.1200,-0.3500,0.0000,-0.1200,-0.0760,0.2070,0.1500,0.0537,0.0513,1,0,0,1.9888,1
34247,34248,6G04,A,92,T,92,T,7.6840,115.9330,67.3100,3.8510,7.5250,115.4840,67.3510,3.8980,7.6450,115.8340,67.3510,-0.1200,-0.3500,0.0000,-0.1200,-0.1590,-0.4490,0.0410,0.0990,1.1268,1,1,0,0.3024,1
34247,34248,6G04,A,93,L,93,L,8.3310,121.6670,58.3160,3.9220,8.1960,120.9460,58.2960,3.8600,8.3160,121.2960,58.2960,-0.1200,-0.3500,0.0000,-0.1200,-0.1350,-0.7210,-0.0200,0.0974,1.0892,1,1,0,0.0000,0
34247,34248,6G04,A,94,L,94,L,8.4490,118.1840,58.3200,4.1640,8.5570,118.0570,58.2990,4.1140,8.6770,118.4070,58.2990,-0.1200,-0.3500,0.0000,-0.1200,0.1080,-0.1270,-0.0210,0.0633,0.2800,1,0,0,0.0000,0
34247,34248,6G04,A,95,Y,95,Y,8.5360,118.7760,60.7090,4.3620,8.6810,117.3540,60.8860,4.5100,8.8010,117.7040,60.8860,-0.1200,-0.3500,0.0000,-0.1200,0.1450,-1.4220,0.1770,0.1455,2.2307,1,1,1,2.7411,1
34247,34248,6G04,A,96,A,96,A,8.1140,121.6440,55.4050,4.4120,8.0270,122.2560,56.0240,4.6660,8.1470,122.6060,56.0240,-0.1200,-0.3500,0.0000,-0.1200,-0.0870,0.6120,0.6190,0.1283,1.8236,1,1,0,0.0000,0
34247,34248,6G04,A,97,M,97,M,8.0060,115.8840,57.7590,4.5750,7.7830,115.1570,57.8170,4.6180,7.9030,115.5070,57.8170,-0.1200,-0.3500,0.0000,-0.1200,-0.2230,-0.7270,0.0580,0.1419,2.1457,1,1,1,0.0000,0
34247,34248,6G04,A,98,I,98,I,7.5690,122.0890,65.2450,3.5230,7.8040,123.2340,65.4560,3.5600,7.9240,123.5840,65.4560,-0.1200,-0.3500,0.0000,-0.1200,0.2350,1.1450,0.2110,0.1683,2.7718,1,1,1,0.0000,0
34247,34248,6G04,A,99,D,99,D,8.6060,120.3040,57.6560,4.2650,9.3000,119.8410,57.8020,4.3320,9.4200,120.1910,57.8020,-0.1200,-0.3500,0.0000,-0.1200,0.6940,-0.4630,0.1460,0.4032,8.3503,1,1,1,6.4514,1
34247,34248,6G04,A,100,E,100,E,8.6610,111.9480,56.3680,4.3540,8.3990,112.1130,55.2440,4.9000,8.5190,112.4630,55.2440,-0.1200,-0.3500,0.0000,-0.1200,-0.2620,0.1650,-1.1240,0.2469,4.6390,1,1,1,5.0506,1
34247,34248,6G04,A,101,F,101,F,7.2520,112.4690,57.9950,4.5120,7.4530,114.3410,58.1250,4.4570,7.5730,114.6910,58.1250,-0.1200,-0.3500,0.0000,-0.1200,0.2010,1.8720,0.1300,0.1920,3.3359,1,1,1,0.0000,0
34247,34248,6G04,A,102,E,102,E,7.5860,118.6070,57.3630,4.1520,7.4170,117.6150,57.3170,4.1350,7.5370,117.9650,57.3170,-0.1200,-0.3500,0.0000,-0.1200,-0.1690,-0.9920,-0.0460,0.1265,1.7815,1,1,0,0.0000,0
34247,34248,6G04,A,103,T,103,T,7.6340,113.8150,62.0290,4.2960,7.7740,114.3380,62.3380,4.2530,7.8940,114.6880,62.3380,-0.1200,-0.3500,0.0000,-0.1200,0.1400,0.5230,0.3090,0.1058,1.2880,1,1,0,0.0000,0
34247,34248,6G04,A,104,N,104,N,8.4850,124.3900,52.0120,4.6630,8.4700,124.4890,51.7940,4.6710,8.5900,124.8390,51.7940,-0.1200,-0.3500,0.0000,-0.1200,-0.0150,0.0990,-0.2180,0.0396,-0.2837,0,0,0,0.0000,0
34247,34248,6G04,A,105,V,105,V,8.3610,125.3380,63.3120,3.8810,8.4950,126.0950,63.4830,3.8420,8.6150,126.4450,63.4830,-0.1200,-0.3500,0.0000,-0.1200,0.1340,0.7570,0.1710,0.1030,1.2223,1,1,0,0.0000,0
34247,34248,6G04,A,106,E,106,E,8.8970,126.9230,56.1500,4.5650,8.9150,127.3660,56.1620,4.5790,9.0350,127.7160,56.1620,-0.1200,-0.3500,0.0000,-0.1200,0.0180,0.4430,0.0120,0.0373,-0.3363,0,0,0,0.0000,0
34247,34248,6G04,A,107,D,107,D,7.6550,119.1410,53.3640,4.5820,7.6250,119.0900,53.3790,4.5740,7.7450,119.4400,53.3790,-0.1200,-0.3500,0.0000,-0.1200,-0.0300,-0.0510,0.0150,0.0180,-0.7957,0,0,0,0.0000,0
34247,34248,6G04,A,108,D,108,D,8.5470,115.6070,55.7640,4.6530,8.5870,115.7090,56.0220,4.6190,8.7070,116.0590,56.0220,-0.1200,-0.3500,0.0000,-0.1200,0.0400,0.1020,0.2580,0.0510,-0.0127,0,0,0,0.0000,0
34247,34248,6G04,A,109,S,109,S,7.9650,111.3870,60.7950,4.0170,7.9170,110.9540,60.7360,4.0390,8.0370,111.3040,60.7360,-0.1200,-0.3500,0.0000,-0.1200,-0.0480,-0.4330,-0.0590,0.0458,-0.1355,0,0,0,0.0000,0
34247,34248,6G04,A,110,A,110,A,8.7380,123.7840,53.5770,3.4110,8.7000,124.2220,53.7250,3.3630,8.8200,124.5720,53.7250,-0.1200,-0.3500,0.0000,-0.1200,-0.0380,0.4380,0.1480,0.0489,-0.0617,0,0,0,0.0000,0
34247,34248,6G04,A,111,L,111,L,7.6330,120.0150,59.4920,3.9920,7.6330,120.1410,59.5300,3.9860,7.7530,120.4910,59.5300,-0.1200,-0.3500,0.0000,-0.1200,0.0000,0.1260,0.0380,0.0121,-0.9350,0,0,0,0.0000,0
34247,34248,6G04,A,112,P,112,P,,,65.7060,4.0500,,,65.7720,4.0470,,,65.7720,,,,-0.1200,,,0.0660,,,0,,,,0
34247,34248,6G04,A,113,I,113,I,6.1670,116.7020,61.0460,3.4880,6.1710,117.1260,61.0170,3.4960,6.2910,117.4760,61.0170,-0.1200,-0.3500,0.0000,-0.1200,0.0040,0.4240,-0.0290,0.0347,-0.3987,0,0,0,0.0000,0
34247,34248,6G04,A,114,A,114,A,7.7420,121.8600,55.6860,3.6580,7.7560,122.0540,55.8190,3.6490,7.8760,122.4040,55.8190,-0.1200,-0.3500,0.0000,-0.1200,0.0140,0.1940,0.1330,0.0290,-0.5340,0,0,0,0.0000,0
34247,34248,6G04,A,115,V,115,V,8.1920,115.2610,66.8770,3.2370,8.2320,115.4270,66.9440,3.2280,8.3520,115.7770,66.9440,-0.1200,-0.3500,0.0000,-0.1200,0.0400,0.1660,0.0670,0.0291,-0.5315,0,0,0,0.0000,0
34247,34248,6G04,A,116,E,116,E,7.6620,119.9010,59.1770,4.1970,7.6820,120.1650,59.2080,4.1970,7.8020,120.5150,59.2080,-0.1200,-0.3500,0.0000,-0.1200,0.0200,0.2640,0.0310,0.0248,-0.6329,0,0,0,0.0000,0
34247,34248,6G04,A,117,V,117,V,8.1840,119.8020,68.0720,3.3690,8.1910,119.9930,68.2000,3.3610,8.3110,120.3430,68.2000,-0.1200,-0.3500,0.0000,-0.1200,0.0070,0.1910,0.1280,0.0273,-0.5743,0,0,0,0.0000,0
34247,34248,6G04,A,118,I,118,I,7.4380,119.6000,64.0570,3.5980,7.4490,119.8060,64.3120,3.5870,7.5690,120.1560,64.3120,-0.1200,-0.3500,0.0000,-0.1200,0.0110,0.2060,0.2550,0.0476,-0.0921,0,0,0,0.0000,0
34247,34248,6G04,A,119,N,119,N,8.3610,118.5080,56.4070,4.4720,8.3710,118.6600,56.4590,4.4630,8.4910,119.0100,56.4590,-0.1200,-0.3500,0.0000,-0.1200,0.0100,0.1520,0.0520,0.0163,-0.8361,0,0,0,0.0000,0
34247,34248,6G04,A,120,I,120,I,8.5380,121.2620,63.3120,3.9700,8.5440,121.6280,63.3020,3.9560,8.6640,121.9780,63.3020,-0.1200,-0.3500,0.0000,-0.1200,0.0060,0.3660,-0.0100,0.0298,-0.5145,0,0,0,0.0000,0
34247,34248,6G04,A,121,Y,121,Y,8.6090,124.1100,63.9940,3.5980,8.6080,124.1920,63.9980,3.6480,8.7280,124.5420,63.9980,-0.1200,-0.3500,0.0000,-0.1200,-0.0010,0.0820,0.0040,0.0067,-1.0640,0,0,0,0.0000,0
34247,34248,6G04,A,122,N,122,N,8.4080,117.7670,56.3950,4.4620,8.4020,117.8850,56.4690,4.4520,8.5220,118.2350,56.4690,-0.1200,-0.3500,0.0000,-0.1200,-0.0060,0.1180,0.0740,0.0163,-0.8347,0,0,0,0.0000,0
34247,34248,6G04,A,123,D,123,D,8.4960,121.3680,58.0800,4.4450,8.5190,121.5790,58.1300,4.4170,8.6390,121.9290,58.1300,-0.1200,-0.3500,0.0000,-0.1200,0.0230,0.2110,0.0500,0.0233,-0.6700,0,0,0,0.0000,0
34247,34248,6G04,A,124,C,124,C,8.4090,117.7060,63.9720,3.6630,8.3770,117.6750,64.4230,3.6880,8.4970,118.0250,64.4230,-0.1200,-0.3500,0.0000,-0.1200,-0.0320,-0.0310,0.4510,0.0803,0.6838,1,0,0,0.0000,0
34247,34248,6G04,A,125,F,125,F,9.2290,124.8450,61.5100,3.6680,9.2050,124.6910,61.5340,3.6810,9.3250,125.0410,61.5340,-0.1200,-0.3500,0.0000,-0.1200,-0.0240,-0.1540,0.0240,0.0191,-0.7697,0,0,0,0.0000,0
34247,34248,6G04,A,126,N,126,N,7.3940,114.8500,53.3870,4.4350,7.4570,115.0330,53.4220,4.4190,7.5770,115.3830,53.4220,-0.1200,-0.3500,0.0000,-0.1200,0.0630,0.1830,0.0350,0.0397,-0.2796,0,0,0,0.0000,0
34247,34248,6G04,A,127,L,127,L,7.6460,115.9330,55.5700,3.1220,7.5950,116.0420,55.5590,3.0660,7.7150,116.3920,55.5590,-0.1200,-0.3500,0.0000,-0.1200,-0.0510,0.1090,-0.0110,0.0308,-0.4917,0,0,0,0.0000,0
34247,34248,6G04,A,128,N,128,N,7.8800,115.9630,51.0060,4.4570,7.9250,116.3720,50.9820,4.4940,8.0450,116.7220,50.9820,-0.1200,-0.3500,0.0000,-0.1200,0.0450,0.4090,-0.0240,0.0423,-0.2197,0,0,0,0.0000,0
34247,34248,6G04,A,129,Y,129,Y,8.2420,121.2420,54.9550,4.6610,8.3050,121.0740,55.6580,4.5960,8.4250,121.4240,55.6580,-0.1200,-0.3500,0.0000,-0.1200,0.0630,-0.1680,0.7030,0.1278,1.8114,1,1,0,0.0000,0
34247,34248,6G04,A,130,N,130,N,8.0980,118.7720,57.3860,4.2260,8.0890,118.9350,57.4070,4.2400,8.2090,119.2850,57.4070,-0.1200,-0.3500,0.0000,-0.1200,-0.0090,0.1630,0.0210,0.0146,-0.8757,0,0,0,0.0000,0
34247,34248,6G04,A,131,K,131,K,8.8240,120.6530,59.3570,4.0090,8.7800,120.5120,59.4390,3.9950,8.9000,120.8620,59.4390,-0.1200,-0.3500,0.0000,-0.1200,-0.0440,-0.1410,0.0820,0.0313,-0.4808,0,0,0,0.0000,0
34247,34248,6G04,A,132,V,132,V,7.2400,117.9790,67.8110,3.1920,7.1660,118.0350,67.8990,3.1770,7.2860,118.3850,67.8990,-0.1200,-0.3500,0.0000,-0.1200,-0.0740,0.0560,0.0880,0.0456,-0.1405,0,0,0,0.0000,0
34247,34248,6G04,A,133,E,133,E,8.0820,116.1880,59.7000,3.8880,7.9400,116.1650,60.0520,3.8110,8.0600,116.5150,60.0520,-0.1200,-0.3500,0.0000,-0.1200,-0.1420,-0.0230,0.3520,0.1022,1.2032,1,1,0,0.0000,0
34247,34248,6G04,A,134,K,134,K,7.8960,120.0220,59.5810,3.9980,7.9080,119.4980,59.6840,3.9660,8.0280,119.8480,59.6840,-0.1200,-0.3500,0.0000,-0.1200,0.0120,-0.5240,0.1030,0.0465,-0.1194,0,0,0,0.0000,0
34247,34248,6G04,A,135,L,135,L,8.3970,118.2440,57.6460,4.0060,8.4840,117.9900,57.6630,4.0050,8.6040,118.3400,57.6630,-0.1200,-0.3500,0.0000,-0.1200,0.0870,-0.2540,0.0170,0.0543,0.0674,1,0,0,0.0000,0
34247,34248,6G04,A,136,Y,136,Y,8.3460,120.8030,60.3560,4.9260,8.2730,120.8090,59.9810,3.8110,8.3930,121.1590,59.9810,-0.1200,-0.3500,0.0000,-0.1200,-0.0730,0.0060,-0.3750,0.0774,0.6155,1,0,0,4.2885,1
34247,34248,6G04,A,137,L,137,L,8.2360,120.5460,58.3960,3.9150,8.2980,120.8280,58.5040,3.9020,8.4180,121.1780,58.5040,-0.1200,-0.3500,0.0000,-0.1200,0.0620,0.2820,0.1080,0.0464,-0.1218,0,0,0,0.0000,0
34247,34248,6G04,A,138,E,138,E,8.0940,119.0170,59.4040,3.9060,8.1270,119.0380,59.5190,3.9010,8.2470,119.3880,59.5190,-0.1200,-0.3500,0.0000,-0.1200,0.0330,0.0210,0.1150,0.0276,-0.5672,0,0,0,0.0000,0
34247,34248,6G04,A,139,W,139,W,8.3910,123.2840,61.7370,4.0750,8.3670,123.7050,62.1870,4.0290,8.4870,124.0550,62.1870,-0.1200,-0.3500,0.0000,-0.1200,-0.0240,0.4210,0.4500,0.0862,0.8229,1,0,0,1.8158,1
34247,34248,6G04,A,140,Q,140,Q,8.5810,118.1650,59.3120,3.2790,8.6430,118.4390,59.5460,3.2800,8.7630,118.7890,59.5460,-0.1200,-0.3500,0.0000,-0.1200,0.0620,0.2740,0.2340,0.0584,0.1645,1,0,0,0.0000,0
34247,34248,6G04,A,141,E,141,E,7.6560,118.9920,58.8500,3.8970,7.6200,119.2990,58.9400,3.9040,7.7400,119.6490,58.9400,-0.1200,-0.3500,0.0000,-0.1200,-0.0360,0.3070,0.0900,0.0359,-0.3699,0,0,0,0.0000,0
34247,34248,6G04,A,142,K,142,K,7.7540,120.8310,59.0970,3.8450,7.7960,121.0000,59.2570,3.8410,7.9160,121.3500,59.2570,-0.1200,-0.3500,0.0000,-0.1200,0.0420,0.1690,0.1600,0.0393,-0.2904,0,0,0,0.0000,0
34247,34248,6G04,A,143,Q,143,Q,7.8600,116.5710,57.3020,3.5560,7.8170,116.4080,57.3220,3.5390,7.9370,116.7580,57.3220,-0.1200,-0.3500,0.0000,-0.1200,-0.0430,-0.1630,0.0200,0.0283,-0.5505,0,0,0,0.0000,0
34247,34248,6G04,A,144,R,144,R,7.4970,117.9830,58.7680,3.8950,7.4680,117.8040,58.8030,3.9050,7.5880,118.1540,58.8030,-0.1200,-0.3500,0.0000,-0.1200,-0.0290,-0.1790,0.0350,0.0229,-0.6781,0,0,0,0.0000,0
34247,34248,6G04,A,145,T,145,T,7.6220,111.0830,63.3850,4.0390,7.6090,111.0590,63.2090,4.0590,7.7290,111.4090,63.2090,-0.1200,-0.3500,0.0000,-0.1200,-0.0130,-0.0240,-0.1760,0.0315,-0.4761,0,0,0,0.0000,0
34247,34248,6G04,A,146,K,146,K,7.5710,122.2280,57.5630,4.0170,7.5790,122.4830,57.5240,4.0350,7.6990,122.8330,57.5240,-0.1200,-0.3500,0.0000,-0.1200,0.0080,0.2550,-0.0390,0.0222,-0.6963,0,0,0,0.0000,0
34247,34248,6G04,A,147,K,147,K,8.0030,120.2990,56.8860,4.1020,8.0010,120.8180,56.7470,4.1340,8.1210,121.1680,56.7470,-0.1200,-0.3500,0.0000,-0.1200,-0.0020,0.5190,-0.1390,0.0484,-0.0742,0,0,0,0.0000,0
34247,34248,6G04,A,148,S,148,S,7.9720,115.5150,58.6990,4.2630,8.0110,115.9020,58.6280,4.2860,8.1310,116.2520,58.6280,-0.1200,-0.3500,0.0000,-0.1200,0.0390,0.3870,-0.0710,0.0405,-0.2623,0,0,0,0.0000,0
34247,34248,6G04,A,149,K,149,K,8.0980,122.4390,56.3440,4.1820,8.1100,122.6570,56.4990,4.1870,8.2300,123.0070,56.4990,-0.1200,-0.3500,0.0000,-0.1200,0.0120,0.2180,0.1550,0.0329,-0.4429,0,0,0,0.0000,0
34247,34248,6G04,A,150,R,150,R,8.0610,121.6600,56.2660,4.1910,8.1020,122.0540,56.1820,4.2020,8.2220,122.4040,56.1820,-0.1200,-0.3500,0.0000,-0.1200,0.0410,0.3940,-0.0840,0.0423,-0.2194,0,0,0,0.0000,0
34247,34248,6G04,A,151,V,151,V,8.1260,122.4390,62.1910,3.9760,8.1440,122.6240,62.2260,3.9780,8.2640,122.9740,62.2260,-0.1200,-0.3500,0.0000,-0.1200,0.0180,0.1850,0.0350,0.0192,-0.7672,0,0,0,0.0000,0
34247,34248,6G04,A,152,V,152,V,8.1410,124.4480,61.9880,3.9750,8.1550,124.5590,62.3090,3.9760,8.2750,124.9090,62.3090,-0.1200,-0.3500,0.0000,-0.1200,0.0140,0.1110,0.3210,0.0569,0.1279,1,0,0,0.0000,0
34247,34248,6G04,A,153,H,153,H,8.4620,123.8970,55.5840,4.5750,8.4310,124.3340,55.8550,4.5660,8.5510,124.6840,55.8550,-0.1200,-0.3500,0.0000,-0.1200,-0.0310,0.4370,0.2710,0.0614,0.2351,1,0,0,0.0000,0
34247,34248,6G04,A,154,I,154,I,8.1220,123.8430,60.8640,4.0040,8.1020,124.0000,60.9050,4.0090,8.2220,124.3500,60.9050,-0.1200,-0.3500,0.0000,-0.1200,-0.0200,0.1570,0.0410,0.0186,-0.7820,0,0,0,0.0000,0
34247,34248,6G04,A,155,E,155,E,8.4180,125.2170,56.3660,4.1770,8.4250,125.3660,56.4970,4.1770,8.5450,125.7160,56.4970,-0.1200,-0.3500,0.0000,-0.1200,0.0070,0.1490,0.1310,0.0260,-0.6055,0,0,0,0.0000,0
34247,34248,6G04,A,156,G,156,G,7.9020,116.1650,46.0610,3.6300,7.9150,116.3590,46.0780,3.6400,8.0350,116.7090,46.0780,-0.1200,-0.3500,0.0000,-0.1200,0.0130,0.1940,0.0170,0.0176,-0.8042,0,0,0,0.0000,0
