residue_number,residue_name,chain_id,is_binding_site,min_distance_to_binding_site,is_second_shell_6A,distance_threshold
340,ALA,B,False,9.4729,False,6.0000
341,THR,B,False,6.3476,False,6.0000
342,GLY,B,False,4.2081,True,6.0000
343,PRO,B,False,1.3354,True,6.0000
344,THR,B,True,0.0000,False,6.0000
345,ALA,B,True,0.0000,False,6.0000
346,ASP,B,True,0.0000,False,6.0000
347,PRO,B,False,1.3529,True,6.0000
348,GLU,B,False,1.3391,True,6.0000
349,LYS,B,True,0.0000,False,6.0000
350,ARG,B,True,0.0000,False,6.0000
351,LYS,B,False,1.3326,True,6.0000
352,LEU,B,True,0.0000,False,6.0000
353,ILE,B,True,0.0000,False,6.0000
354,GLN,B,True,0.0000,False,6.0000
355,GLN,B,True,0.0000,False,6.0000
356,GLN,B,True,0.0000,False,6.0000
357,LEU,B,False,1.3349,True,6.0000
358,VAL,B,True,0.0000,False,6.0000
359,LEU,B,False,1.3381,True,6.0000
360,LEU,B,False,1.3374,True,6.0000
361,LEU,B,True,0.0000,False,6.0000
362,HIS,B,True,0.0000,False,6.0000
363,ALA,B,False,1.3358,True,6.0000
364,HIS,B,False,1.3416,True,6.0000
365,LYS,B,True,0.0000,False,6.0000
366,CYS,B,True,0.0000,False,6.0000
367,GLN,B,False,1.3402,True,6.0000
368,ARG,B,False,1.3449,True,6.0000
369,ARG,B,True,0.0000,False,6.0000
370,GLU,B,False,1.3374,True,6.0000
371,GLN,B,False,3.1623,True,6.0000
372,ALA,B,False,2.5946,True,6.0000
373,ASN,B,False,3.1046,True,6.0000
374,GLY,B,False,4.0062,True,6.0000
375,GLU,B,False,5.4350,True,6.0000
376,VAL,B,False,2.5453,True,6.0000
377,ARG,B,False,2.7739,True,6.0000
378,ALA,B,False,1.3360,True,6.0000
379,CYS,B,True,0.0000,False,6.0000
380,SER,B,False,1.3382,True,6.0000
381,LEU,B,True,0.0000,False,6.0000
382,PRO,B,False,1.3398,True,6.0000
383,HIS,B,True,0.0000,False,6.0000
384,CYS,B,True,0.0000,False,6.0000
385,ARG,B,False,1.3445,True,6.0000
386,THR,B,False,1.3399,True,6.0000
387,MET,B,True,0.0000,False,6.0000
388,LYS,B,False,1.3427,True,6.0000
389,ASN,B,False,2.6269,True,6.0000
390,VAL,B,False,2.1657,True,6.0000
391,LEU,B,False,1.8298,True,6.0000
392,ASN,B,False,1.3368,True,6.0000
393,HIS,B,True,0.0000,False,6.0000
394,MET,B,False,1.3415,True,6.0000
395,THR,B,False,2.9079,True,6.0000
396,HIS,B,False,1.3382,True,6.0000
397,CYS,B,True,0.0000,False,6.0000
398,GLN,B,False,1.3373,True,6.0000
399,ALA,B,False,2.1684,True,6.0000
400,GLY,B,False,1.3430,True,6.0000
401,LYS,B,True,0.0000,False,6.0000
402,ALA,B,False,1.3350,True,6.0000
403,CYS,B,True,0.0000,False,6.0000
404,GLN,B,True,0.0000,False,6.0000
405,VAL,B,False,1.3341,True,6.0000
406,ALA,B,True,0.0000,False,6.0000
407,HIS,B,True,0.0000,False,6.0000
408,CYS,B,True,0.0000,False,6.0000
409,ALA,B,True,0.0000,False,6.0000
410,SER,B,True,0.0000,False,6.0000
411,SER,B,False,1.3421,True,6.0000
412,ARG,B,False,1.3369,True,6.0000
413,GLN,B,True,0.0000,False,6.0000
414,ILE,B,True,0.0000,False,6.0000
415,ILE,B,False,1.3401,True,6.0000
416,SER,B,False,1.3394,True,6.0000
417,HIS,B,True,0.0000,False,6.0000
418,TRP,B,False,1.3403,True,6.0000
419,LYS,B,False,3.0490,True,6.0000
420,ASN,B,False,1.3388,True,6.0000
421,CYS,B,True,0.0000,False,6.0000
422,THR,B,False,1.3357,True,6.0000
423,ARG,B,False,2.1438,True,6.0000
424,HIS,B,False,2.6611,True,6.0000
425,ASP,B,False,1.3369,True,6.0000
426,CYS,B,True,0.0000,False,6.0000
427,PRO,B,False,1.3532,True,6.0000
428,VAL,B,False,1.3330,True,6.0000
429,CYS,B,True,0.0000,False,6.0000
430,LEU,B,False,1.3416,True,6.0000
431,PRO,B,True,0.0000,False,6.0000
432,LEU,B,True,0.0000,False,6.0000
433,LYS,B,False,1.3411,True,6.0000
434,ASN,B,False,1.3377,True,6.0000
435,ALA,B,True,0.0000,False,6.0000
436,SER,B,True,0.0000,False,6.0000
437,ASP,B,False,1.3372,True,6.0000
438,LYS,B,True,0.0000,False,6.0000
439,ARG,B,True,0.0000,False,6.0000
