apo_bmrb,holo_bmrb,holo_pdb,chain,apo_resi,apo_aa,holo_resi,holo_aa,H_apo,N_apo,CA_apo,H_holo,N_holo,CA_holo,H_holo_original,N_holo_original,CA_holo_original,H_offset,N_offset,CA_offset,dH,dN,dCA,csp_CA,csp_CA_z,csp_CA_significant,csp_CA_significant_1sd,csp_CA_significant_2sd,delta_sasa,occluded
34537,25639,2N3A,B,7,M,1,M,,,57.3030,,,57.2200,,,57.2200,,,,,,-0.0830,,,0,,,0.0000,0
34537,25639,2N3A,B,8,D,2,D,8.3610,118.7630,58.3670,8.3800,118.7800,58.3300,8.2700,118.6800,58.1300,0.1100,0.1000,0.2000,0.0190,0.0170,-0.0370,0.0128,-1.1248,0,0,0,0.0000,0
34537,25639,2N3A,B,9,S,3,S,7.9820,114.5030,61.6480,8.0200,114.8500,61.6200,7.9100,114.7500,61.4200,0.1100,0.1000,0.2000,0.0380,0.3470,-0.0280,0.0359,-0.7528,0,0,0,0.0000,0
34537,25639,2N3A,B,10,R,4,R,8.0610,123.7880,59.8070,8.0500,123.7600,59.7000,7.9400,123.6600,59.5000,0.1100,0.1000,0.2000,-0.0110,-0.0280,-0.1070,0.0197,-1.0133,0,0,0,0.0000,0
34537,25639,2N3A,B,11,L,5,L,8.4390,118.4110,58.2040,8.4300,118.6400,58.2300,8.3200,118.5400,58.0300,0.1100,0.1000,0.2000,-0.0090,0.2290,0.0260,0.0197,-1.0129,0,0,0,0.0000,0
34537,25639,2N3A,B,12,Q,6,Q,8.2080,119.1220,59.5970,8.1800,119.0300,59.5400,8.0700,118.9300,59.3400,0.1100,0.1000,0.2000,-0.0280,-0.0920,-0.0570,0.0203,-1.0032,0,0,0,0.0000,0
34537,25639,2N3A,B,13,R,7,R,7.9790,122.0320,59.7440,7.9900,122.0100,59.7000,7.8800,121.9100,59.5000,0.1100,0.1000,0.2000,0.0110,-0.0220,-0.0440,0.0101,-1.1682,0,0,0,0.0000,0
34537,25639,2N3A,B,14,I,8,I,8.4230,120.7770,65.8500,8.4300,120.9100,65.7000,8.3200,120.8100,65.5000,0.1100,0.1000,0.2000,0.0070,0.1330,-0.1500,0.0284,-0.8738,0,0,0,0.0000,0
34537,25639,2N3A,B,15,H,9,H,8.4560,117.9210,58.0880,8.5000,118.1300,58.4500,8.3900,118.0300,58.2500,0.1100,0.1000,0.2000,0.0440,0.2090,0.3620,0.0697,-0.2100,0,0,0,0.0000,0
34537,25639,2N3A,B,16,A,10,A,7.9420,119.7150,55.5390,7.8800,119.5100,55.3900,7.7700,119.4100,55.1900,0.1100,0.1000,0.2000,-0.0620,-0.2050,-0.1490,0.0471,-0.5729,0,0,0,0.0000,0
34537,25639,2N3A,B,17,E,11,E,8.4310,118.5600,59.3400,8.3600,118.7000,59.4500,8.2500,118.6000,59.2500,0.1100,0.1000,0.2000,-0.0710,0.1400,0.1100,0.0466,-0.5816,0,0,0,0.0000,0
34537,25639,2N3A,B,18,I,12,I,8.3280,120.6650,66.3390,8.3600,121.4700,66.4500,8.2500,121.3700,66.2500,0.1100,0.1000,0.2000,0.0320,0.8050,0.1110,0.0703,-0.2006,0,0,0,1.0353,1
34537,25639,2N3A,B,19,K,13,K,8.1390,116.2590,60.4480,7.8600,116.0700,60.0800,7.7500,115.9700,59.8800,0.1100,0.1000,0.2000,-0.2790,-0.1890,-0.3680,0.1739,1.4633,1,1,0,2.6955,1
34537,25639,2N3A,B,20,N,14,N,8.7590,115.9650,55.7690,8.5700,114.5500,55.9500,8.4600,114.4500,55.7500,0.1100,0.1000,0.2000,-0.1890,-1.4150,0.1810,0.1612,1.2585,1,1,0,0.0000,0
34537,25639,2N3A,B,21,S,15,S,7.9060,114.9590,61.6230,8.1100,114.9800,61.8100,8.0000,114.8800,61.6100,0.1100,0.1000,0.2000,0.2040,0.0210,0.1870,0.1222,0.6322,1,0,0,0.0000,0
34537,25639,2N3A,B,22,L,16,L,6.8210,118.5230,53.7930,7.1200,119.1100,52.8800,7.0100,119.0100,52.6800,0.1100,0.1000,0.2000,0.2990,0.5870,-0.9130,0.2389,2.5068,1,1,1,3.1943,1
34537,25639,2N3A,B,23,K,17,K,6.9560,121.5490,56.6500,6.9500,122.1000,57.0900,6.8400,122.0000,56.8900,0.1100,0.1000,0.2000,-0.0060,0.5510,0.4400,0.0883,0.0889,1,0,0,1.9227,1
34537,25639,2N3A,B,24,I,18,I,8.2550,122.5910,63.6000,8.4200,123.8000,64.4600,8.3100,123.7000,64.2600,0.1100,0.1000,0.2000,0.1650,1.2090,0.8600,0.2020,1.9149,1,1,0,5.2239,1
34537,25639,2N3A,B,25,D,19,D,8.4130,117.8890,54.5200,8.4600,118.0500,54.7100,8.3500,117.9500,54.5100,0.1100,0.1000,0.2000,0.0470,0.1610,0.1900,0.0446,-0.6138,0,0,0,0.0000,0
34537,25639,2N3A,B,26,N,20,N,7.8280,118.8650,52.9620,8.1800,119.8900,53.0600,8.0700,119.7900,52.8600,0.1100,0.1000,0.2000,0.3520,1.0250,0.0980,0.2201,2.2057,1,1,1,0.0000,0
34537,25639,2N3A,B,27,L,21,L,7.8930,123.4210,56.4750,8.2400,122.0700,56.2900,8.1300,121.9700,56.0900,0.1100,0.1000,0.2000,0.3470,-1.3510,-0.1850,0.2304,2.3709,1,1,1,0.0000,0
34537,25639,2N3A,B,28,D,22,D,9.2670,127.4870,52.4620,9.4900,125.9700,52.2900,9.3800,125.8700,52.0900,0.1100,0.1000,0.2000,0.2230,-1.5170,-0.1720,0.1803,1.5656,1,1,0,0.0000,0
34537,25639,2N3A,B,29,V,23,V,8.4360,122.7350,66.5820,8.4400,122.3100,66.7900,8.3300,122.2100,66.5900,0.1100,0.1000,0.2000,0.0040,-0.4250,0.2080,0.0498,-0.5296,0,0,0,0.0000,0
34537,25639,2N3A,B,30,N,24,N,8.4830,117.6130,56.8150,8.6500,117.7500,56.8100,8.5400,117.6500,56.6100,0.1100,0.1000,0.2000,0.1670,0.1370,-0.0050,0.0971,0.2289,1,0,0,0.0000,0
34537,25639,2N3A,B,31,R,25,R,7.7000,121.6950,58.6960,7.6700,121.7700,58.9100,7.5600,121.6700,58.7100,0.1100,0.1000,0.2000,-0.0300,0.0750,0.2140,0.0414,-0.6657,0,0,0,0.0000,0
34537,25639,2N3A,B,32,C,26,C,7.8190,120.2340,63.4930,7.8300,120.4100,63.4600,7.7200,120.3100,63.2600,0.1100,0.1000,0.2000,0.0110,0.1760,-0.0330,0.0166,-1.0635,0,0,0,0.0000,0
34537,25639,2N3A,B,33,I,27,I,8.4620,118.9490,66.7170,8.5000,119.4700,67.1200,8.3900,119.3700,66.9200,0.1100,0.1000,0.2000,0.0380,0.5210,0.4030,0.0844,0.0260,1,0,0,0.0000,0
34537,25639,2N3A,B,34,E,28,E,8.0210,118.2010,59.9760,7.9800,117.9100,60.0100,7.8700,117.8100,59.8100,0.1100,0.1000,0.2000,-0.0410,-0.2910,0.0340,0.0339,-0.7858,0,0,0,0.0000,0
34537,25639,2N3A,B,35,A,29,A,7.6050,122.9710,55.4170,7.6400,123.0700,55.4000,7.5300,122.9700,55.2000,0.1100,0.1000,0.2000,0.0350,0.0990,-0.0170,0.0219,-0.9778,0,0,0,0.0000,0
34537,25639,2N3A,B,36,L,30,L,8.4970,118.4430,58.0080,8.5500,118.3700,58.0100,8.4400,118.2700,57.8100,0.1100,0.1000,0.2000,0.0530,-0.0730,0.0020,0.0312,-0.8295,0,0,0,0.0000,0
34537,25639,2N3A,B,37,D,31,D,8.9900,121.3410,57.3470,9.0000,121.6900,57.4300,8.8900,121.5900,57.2300,0.1100,0.1000,0.2000,0.0100,0.3490,0.0830,0.0322,-0.8131,0,0,0,0.0000,0
34537,25639,2N3A,B,38,E,32,E,8.1670,123.5420,59.8330,8.2200,123.8900,59.8700,8.1100,123.7900,59.6700,0.1100,0.1000,0.2000,0.0530,0.3480,0.0370,0.0421,-0.6546,0,0,0,0.0000,0
34537,25639,2N3A,B,39,L,33,L,8.5620,121.4590,58.0450,8.5700,121.4800,58.1000,8.4600,121.3800,57.9000,0.1100,0.1000,0.2000,0.0080,0.0210,0.0550,0.0107,-1.1578,0,0,0,0.0000,0
34537,25639,2N3A,B,40,A,34,A,8.3740,118.9320,54.4180,8.4200,119.0100,54.4600,8.3100,118.9100,54.2600,0.1100,0.1000,0.2000,0.0460,0.0780,0.0420,0.0282,-0.8763,0,0,0,0.0000,0
34537,25639,2N3A,B,41,S,35,S,7.5920,112.1380,59.4340,7.7000,112.5000,59.6700,7.5900,112.4000,59.4700,0.1100,0.1000,0.2000,0.1080,0.3620,0.2360,0.0801,-0.0435,0,0,0,0.0000,0
34537,25639,2N3A,B,42,L,36,L,7.2950,122.2160,54.7010,7.3400,122.2100,54.9100,7.2300,122.1100,54.7100,0.1100,0.1000,0.2000,0.0450,-0.0060,0.2090,0.0446,-0.6143,0,0,0,0.0000,0
34537,25639,2N3A,B,43,Q,37,Q,8.6740,123.8400,54.9910,,,55.1200,,,55.1200,,,,,,0.1290,,,0,,,0.0000,0
34537,25639,2N3A,B,44,V,38,V,7.8260,123.5650,61.5880,7.9000,123.0200,61.3800,7.7900,122.9200,61.1800,0.1100,0.1000,0.2000,0.0740,-0.5450,-0.2080,0.0712,-0.1870,0,0,0,0.0000,0
34537,25639,2N3A,B,45,T,39,T,8.5440,116.8220,60.4940,8.6300,117.2100,60.7500,8.5200,117.1100,60.5500,0.1100,0.1000,0.2000,0.0860,0.3880,0.2560,0.0736,-0.1481,0,0,0,0.0000,0
34537,25639,2N3A,B,46,M,40,M,9.0160,121.0870,59.5460,9.0400,120.9000,59.3500,8.9300,120.8000,59.1500,0.1100,0.1000,0.2000,0.0240,-0.1870,-0.1960,0.0397,-0.6930,0,0,0,0.0000,0
34537,25639,2N3A,B,47,Q,41,Q,8.3880,116.6960,59.5870,8.4500,117.0900,59.6300,8.3400,116.9900,59.4300,0.1100,0.1000,0.2000,0.0620,0.3940,0.0430,0.0485,-0.5512,0,0,0,0.0000,0
34537,25639,2N3A,B,48,Q,42,Q,7.6170,118.4390,58.4330,7.7200,118.9000,58.6100,7.6100,118.8000,58.4100,0.1100,0.1000,0.2000,0.1030,0.4610,0.1770,0.0766,-0.1000,0,0,0,0.0000,0
34537,25639,2N3A,B,49,A,43,A,8.5090,121.3710,55.3760,8.3400,121.0700,55.3000,8.2300,120.9700,55.1000,0.1100,0.1000,0.2000,-0.1690,-0.3010,-0.0760,0.1014,0.2990,1,0,0,0.0000,0
34537,25639,2N3A,B,50,Q,44,Q,7.9490,113.9740,58.4390,7.8700,113.4300,58.0400,7.7600,113.3300,57.8400,0.1100,0.1000,0.2000,-0.0790,-0.5440,-0.3990,0.0938,0.1759,1,0,0,0.0000,0
34537,25639,2N3A,B,51,K,45,K,7.4780,117.0930,57.4420,7.4300,117.1200,57.6200,7.3200,117.0200,57.4200,0.1100,0.1000,0.2000,-0.0480,0.0270,0.1780,0.0415,-0.6633,0,0,0,0.0000,0
34537,25639,2N3A,B,52,H,46,H,7.8510,120.0040,55.9850,7.8800,121.4500,55.7000,7.7700,121.3500,55.5000,0.1100,0.1000,0.2000,0.0290,1.4460,-0.2850,0.1280,0.7256,1,0,0,0.0000,0
34537,25639,2N3A,B,53,T,47,T,7.4580,113.1690,65.8540,7.5000,113.6300,65.8800,7.3900,113.5300,65.6800,0.1100,0.1000,0.2000,0.0420,0.4610,0.0260,0.0447,-0.6123,0,0,0,0.0000,0
34537,25639,2N3A,B,54,E,48,E,8.9080,122.3930,59.7560,,,59.5000,,,59.5000,,,,,,-0.2560,,,0,,,0.0000,0
34537,25639,2N3A,B,55,M,49,M,7.8180,120.2370,58.2900,7.8300,120.7700,58.2900,7.7200,120.6700,58.0900,0.1100,0.1000,0.2000,0.0120,0.5330,0.0000,0.0436,-0.6292,0,0,0,0.0000,0
34537,25639,2N3A,B,56,I,50,I,7.3850,119.3700,65.4680,7.5700,119.6700,65.3900,7.4600,119.5700,65.1900,0.1100,0.1000,0.2000,0.1850,0.3000,-0.0780,0.1104,0.4426,1,0,0,0.0000,0
34537,25639,2N3A,B,57,T,51,T,7.9560,117.5870,66.9010,8.0500,117.5400,67.0400,7.9400,117.4400,66.8400,0.1100,0.1000,0.2000,0.0940,-0.0470,0.1390,0.0595,-0.3745,0,0,0,0.0000,0
34537,25639,2N3A,B,58,T,52,T,8.2320,121.4720,67.1240,8.3100,121.9900,67.4400,8.2000,121.8900,67.2400,0.1100,0.1000,0.2000,0.0780,0.5180,0.3160,0.0823,-0.0078,0,0,0,2.0000,1
34537,25639,2N3A,B,59,L,53,L,8.1000,119.5810,58.1400,8.2500,119.9500,58.0500,8.1400,119.8500,57.8500,0.1100,0.1000,0.2000,0.1500,0.3690,-0.0900,0.0929,0.1623,1,0,0,0.0000,0
34537,25639,2N3A,B,60,K,54,K,8.0400,117.0840,59.3650,8.1300,116.5100,59.4400,8.0200,116.4100,59.2400,0.1100,0.1000,0.2000,0.0900,-0.5740,0.0750,0.0709,-0.1918,0,0,0,0.0000,0
34537,25639,2N3A,B,61,K,55,K,7.7860,117.8840,59.2120,7.7100,117.8200,59.1900,7.6000,117.7200,58.9900,0.1100,0.1000,0.2000,-0.0760,-0.0640,-0.0220,0.0443,-0.6177,0,0,0,3.9597,1
34537,25639,2N3A,B,62,I,56,I,7.9430,115.2200,64.5310,7.7200,111.7000,64.3000,7.6100,111.6000,64.1000,0.1100,0.1000,0.2000,-0.2230,-3.5200,-0.2310,0.3148,3.7272,1,1,1,1.8033,1
34537,25639,2N3A,B,63,R,57,R,7.1350,118.2150,58.6970,7.0800,119.4700,58.8500,6.9700,119.3700,58.6500,0.1100,0.1000,0.2000,-0.0550,1.2550,0.1530,0.1095,0.4296,1,0,0,0.0000,0
34537,25639,2N3A,B,64,R,58,R,7.2750,113.3830,54.7070,7.2300,112.2200,53.8300,7.1200,112.1200,53.6300,0.1100,0.1000,0.2000,-0.0450,-1.1630,-0.8770,0.1805,1.5695,1,1,0,1.5857,1
34537,25639,2N3A,B,65,F,59,F,7.6210,121.9640,57.8840,7.6900,122.5600,56.5500,7.5800,122.4600,56.3500,0.1100,0.1000,0.2000,0.0690,0.5960,-1.3340,0.2394,2.5148,1,1,1,2.6578,1
34537,25639,2N3A,B,66,K,60,K,7.9670,123.9920,57.7770,7.6400,125.6200,57.9400,7.5300,125.5200,57.7400,0.1100,0.1000,0.2000,-0.3270,1.6280,0.1630,0.2319,2.3941,1,1,1,4.5427,1
34537,25639,2N3A,B,67,V,61,V,6.8010,115.3390,62.6750,6.2500,114.7900,63.3800,6.1400,114.6900,63.1800,0.1100,0.1000,0.2000,-0.5510,-0.5490,0.7050,0.3436,4.1895,1,1,1,0.8671,1
34537,25639,2N3A,B,68,S,62,S,7.4940,112.1400,56.4070,7.3500,111.2200,55.8400,7.2400,111.1200,55.6400,0.1100,0.1000,0.2000,-0.1440,-0.9200,-0.5670,0.1486,1.0571,1,1,0,0.0000,0
34537,25639,2N3A,B,69,Q,63,Q,,,59.1870,,,59.1300,,,59.1300,,,,,,-0.0570,,,0,,,0.0000,0
34537,25639,2N3A,B,70,V,64,V,7.7840,118.0560,66.1200,7.7900,117.9500,66.2300,7.6800,117.8500,66.0300,0.1100,0.1000,0.2000,0.0060,-0.1060,0.1100,0.0212,-0.9899,0,0,0,0.0000,0
34537,25639,2N3A,B,71,I,65,I,7.5810,120.0700,66.2120,7.8200,120.4300,66.4600,7.7100,120.3300,66.2600,0.1100,0.1000,0.2000,0.2390,0.3600,0.2480,0.1474,1.0379,1,1,0,0.0000,0
34537,25639,2N3A,B,72,M,66,M,8.1910,121.5460,60.7310,8.3600,121.4900,61.2900,8.2500,121.3900,61.0900,0.1100,0.1000,0.2000,0.1690,-0.0560,0.5590,0.1375,0.8791,1,0,0,0.0000,0
34537,25639,2N3A,B,73,E,67,E,8.6450,121.4180,60.0460,8.6600,121.3500,60.0500,8.5500,121.2500,59.8500,0.1100,0.1000,0.2000,0.0150,-0.0680,0.0040,0.0103,-1.1649,0,0,0,0.0000,0
34537,25639,2N3A,B,74,K,68,K,8.7160,119.8480,60.4170,8.8300,120.0700,60.5200,8.7200,119.9700,60.3200,0.1100,0.1000,0.2000,0.1140,0.2220,0.1030,0.0705,-0.1974,0,0,0,0.0000,0
34537,25639,2N3A,B,75,S,69,S,8.7500,114.1990,63.2770,8.7700,113.9800,62.9800,8.6600,113.8800,62.7800,0.1100,0.1000,0.2000,0.0200,-0.2190,-0.2970,0.0556,-0.4368,0,0,0,0.0000,0
34537,25639,2N3A,B,76,T,70,T,8.0010,120.9780,68.1870,7.9900,121.0900,68.8200,7.8800,120.9900,68.6200,0.1100,0.1000,0.2000,-0.0110,0.1120,0.6330,0.1102,0.4400,1,0,0,0.0000,0
34537,25639,2N3A,B,77,M,71,M,7.8130,120.8830,59.3910,7.7200,120.4000,59.3700,7.6100,120.3000,59.1700,0.1100,0.1000,0.2000,-0.0930,-0.4830,-0.0210,0.0665,-0.2621,0,0,0,0.0000,0
34537,25639,2N3A,B,78,L,72,L,8.0850,120.4660,57.9180,8.0000,120.2400,57.8400,7.8900,120.1400,57.6400,0.1100,0.1000,0.2000,-0.0850,-0.2260,-0.0780,0.0541,-0.4614,0,0,0,0.0000,0
34537,25639,2N3A,B,79,Y,73,Y,9.1140,120.3700,62.8030,9.1100,120.2200,62.7600,9.0000,120.1200,62.5600,0.1100,0.1000,0.2000,-0.0040,-0.1500,-0.0430,0.0144,-1.0985,0,0,0,0.0000,0
34537,25639,2N3A,B,80,N,74,N,8.2410,115.8240,56.0860,8.1300,114.9700,55.7500,8.0200,114.8700,55.5500,0.1100,0.1000,0.2000,-0.1110,-0.8540,-0.3360,0.1107,0.4484,1,0,0,0.0000,0
34537,25639,2N3A,B,81,K,75,K,7.7590,120.4990,59.5700,7.6300,119.8500,59.0700,7.5200,119.7500,58.8700,0.1100,0.1000,0.2000,-0.1290,-0.6490,-0.5000,0.1257,0.6889,1,0,0,0.0000,0
34537,25639,2N3A,B,82,F,76,F,7.9750,117.1140,60.8020,7.7300,115.5900,58.1300,7.6200,115.4900,57.9300,0.1100,0.1000,0.2000,-0.2450,-1.5240,-2.6720,0.4994,6.6912,1,1,1,0.0000,0
34537,25639,2N3A,B,83,K,77,K,8.6490,119.9150,59.2670,7.9800,118.1200,57.1500,7.8700,118.0200,56.9500,0.1100,0.1000,0.2000,-0.6690,-1.7950,-2.1170,0.5520,7.5363,1,1,1,0.0000,0
34537,25639,2N3A,B,84,N,78,N,7.9100,116.0060,55.1130,7.8400,117.8000,53.4900,7.7300,117.7000,53.2900,0.1100,0.1000,0.2000,-0.0700,1.7940,-1.6230,0.3189,3.7920,1,1,1,0.0000,0
34537,25639,2N3A,B,85,M,79,M,7.6940,118.4160,58.0830,7.5800,125.0700,58.0400,7.4700,124.9700,57.8400,0.1100,0.1000,0.2000,-0.1140,6.6540,-0.0430,0.5419,7.3743,1,1,1,0.0000,0
