seq_pos,aa,H,N,CA,HA
1,A,,,52.788000,4.112000
2,M,8.349000,118.129000,54.718000,4.370000
3,D,8.056000,123.081000,52.519000,4.718000
4,P,,,63.553000,4.227000
5,E,8.415000,119.470000,56.892000,3.991000
6,F,7.893000,119.350000,57.948000,4.443000
7,Y,7.933000,120.621000,57.948000,4.315000
8,H,7.923000,121.178000,55.943000,4.352000
9,E,8.199000,122.371000,56.491000,4.069000
10,R,8.343000,122.148000,56.029000,4.226000
11,R,8.198000,121.422000,55.710000,4.221000
12,G,8.289000,109.499000,45.092000,3.803000
13,S,8.183000,115.871000,58.384000,4.257000
14,L,8.194000,122.821000,53.538000,4.084000
15,C,8.019000,122.780000,57.282000,4.278000
16,S,8.772000,125.520000,61.666000,4.083000
17,G,9.083000,110.873000,46.108000,4.094500
18,C,7.785000,118.706000,58.186000,4.753000
19,Q,8.269000,116.391000,57.357000,3.871000
20,K,8.099000,118.030000,53.475000,4.890000
21,P,,,63.020000,4.310000
22,I,8.204000,123.081000,60.540000,3.961000
23,T,,,61.214000,4.389000
24,G,8.037000,113.552000,44.514000,3.860000
25,R,8.377000,124.909000,57.178000,4.031000
26,C,8.374000,118.331000,55.859000,4.883000
27,I,8.734000,123.939000,59.221000,4.367000
28,T,8.323000,122.148000,60.119000,5.030000
29,A,8.475000,127.629000,51.623000,4.318000
30,M,9.210000,117.522000,56.593000,3.926000
31,A,8.513000,114.332000,53.182000,3.713000
32,K,7.979000,121.368000,54.994000,4.309000
33,K,7.908000,117.782000,54.391000,5.040000
34,F,8.686000,115.442000,56.245000,5.573000
35,H,9.274000,123.180000,58.212000,4.598000
36,P,,,66.475000,3.966000
37,E,9.914000,114.010000,57.579000,4.014000
38,H,8.126000,116.321000,52.847000,4.973000
39,F,7.398000,125.830000,55.684000,4.215000
40,V,6.653000,114.142000,56.501000,4.623000
41,C,8.307000,122.511000,59.236000,3.732000
42,A,8.801000,130.518000,53.990000,3.973000
43,F,,,60.428000,4.805000
44,C,,,59.552000,4.588000
45,L,,,56.721000,4.049000
46,K,,,56.633000,4.151000
47,Q,8.391000,121.740000,57.437000,3.927000
48,L,8.103000,126.081000,53.096000,4.292000
49,N,8.144000,116.779000,51.974000,4.838000
50,K,9.100000,122.478000,59.010000,4.155000
51,G,8.696000,106.330000,45.325000,4.017500
52,T,7.593000,107.766000,60.678000,4.596000
53,F,7.421000,120.159000,56.023000,4.999000
54,K,9.148000,121.562000,52.812000,4.112000
55,E,8.233000,122.024000,54.654000,5.297000
56,Q,9.065000,123.762000,56.352000,4.253000
57,N,9.458000,126.688000,54.385000,4.240000
58,D,9.090000,111.158000,55.791000,4.161000
59,K,7.790000,118.710000,53.047000,4.767000
60,P,,,60.908000,5.130000
61,Y,8.960000,115.838000,56.805000,5.711000
62,C,9.683000,120.250000,57.383000,4.828000
63,Q,8.718000,118.859000,59.544000,3.864000
64,N,8.134000,116.981000,56.839000,4.398000
65,C,9.241000,125.557000,65.037000,3.787000
66,F,8.747000,119.391000,61.524000,3.825000
67,L,7.853000,117.060000,57.582000,3.918000
68,K,7.212000,117.274000,58.141000,3.812000
69,L,,,56.201000,3.536000
70,F,,,56.691000,4.654000
71,C,,,59.280000,4.350000
