apo_bmrb,holo_bmrb,holo_pdb,chain,apo_resi,apo_aa,holo_resi,holo_aa,H_apo,N_apo,CA_apo,HA_apo,H_holo,N_holo,CA_holo,HA_holo,H_holo_original,N_holo_original,H_offset,N_offset,CA_offset,HA_offset,dH,dN,csp_A,csp_z,significant,significant_1sd,significant_2sd,significant_sigma_0,significant_sigma_1,significant_sigma_2,significant_top_10_percentile,significant_top_5_percentile,significant_03_ppm,significant_05_ppm,significant_10_ppm,significant_raw_mean,significant_raw_1sd,significant_raw_2sd,significant_max_05_cleaned_mean,delta_sasa,occluded
6225,18842,2m14,A,1,P,1,P,,,64.0000,4.5700,,,63.8250,4.5650,,,,,,-0.0200,,,,,,,,,,,,,,,,,,,,,0
6225,18842,2m14,A,2,S,2,S,8.0300,112.9200,58.8500,4.2800,8.0760,113.4170,58.8470,4.3350,8.0960,113.4170,-0.0200,0.0000,0.2000,-0.0200,0.0460,0.4970,0.0590,2.6386,1,1,1,1,1,1,0,0,1,1,0,1,0,0,1,0.0000,0
6225,18842,2m14,A,3,H,3,H,,,56.7000,4.6000,,,56.2290,4.6570,,,,,,-0.0200,,,,,,,,,,,,,,,,,,,,0.0000,0
6225,18842,2m14,A,4,S,4,S,7.8200,113.6400,57.1400,5.4200,7.8450,113.5550,57.1040,5.4630,7.8650,113.5550,-0.0200,0.0000,0.2000,-0.0200,0.0250,-0.0850,0.0196,-0.0586,0,0,0,0,0,0,0,0,0,0,0,0,0,0,0,0.0000,0
6225,18842,2m14,A,5,G,5,G,8.3100,107.0700,45.6000,4.1300,8.3500,107.0500,45.6170,4.1515,8.3700,107.0500,-0.0200,0.0000,0.2000,-0.0200,0.0400,-0.0200,0.0284,0.5421,0,0,0,1,0,0,0,0,0,0,0,0,0,0,0,0.0000,0
6225,18842,2m14,A,6,A,6,A,8.6300,125.4000,52.7800,4.9100,8.6510,125.3470,52.8050,4.9330,8.6710,125.3470,-0.0200,0.0000,0.2000,-0.0200,0.0210,-0.0530,0.0157,-0.3207,0,0,0,0,0,0,0,0,0,0,0,0,0,0,0,0.0000,0
6225,18842,2m14,A,7,A,7,A,8.3600,120.0900,51.7800,4.5800,8.3710,120.0770,51.8680,4.6420,8.3910,120.0770,-0.0200,0.0000,0.2000,-0.0200,0.0110,-0.0130,0.0079,-0.8591,0,0,0,0,0,0,0,0,0,0,0,0,0,0,0,0.0000,0
6225,18842,2m14,A,8,I,8,I,9.3000,125.3800,60.0900,4.9300,9.3630,125.5170,60.0440,4.9670,9.3830,125.5170,-0.0200,0.0000,0.2000,-0.0200,0.0630,0.1370,0.0466,1.7888,0,1,0,1,1,0,0,0,1,0,0,0,0,0,0,0.0000,0
6225,18842,2m14,A,9,F,9,F,8.4600,128.7900,56.3100,4.2900,8.4470,128.8530,56.3180,4.2970,8.4670,128.8530,-0.0200,0.0000,0.2000,-0.0200,-0.0130,0.0630,0.0111,-0.6384,0,0,0,0,0,0,0,0,0,0,0,0,0,0,0,0.0000,0
6225,18842,2m14,A,10,E,10,E,8.7600,126.4600,56.8600,3.1400,8.7490,126.3960,56.8800,3.1820,8.7690,126.3960,-0.0200,0.0000,0.2000,-0.0200,-0.0110,-0.0640,0.0100,-0.7121,0,0,0,0,0,0,0,0,0,0,0,0,0,0,0,0.0000,0
6225,18842,2m14,A,11,K,11,K,7.9000,105.9300,58.6800,3.3600,7.9110,105.5850,58.6480,3.3820,7.9310,105.5850,-0.0200,0.0000,0.2000,-0.0200,0.0110,-0.3450,0.0350,0.9990,0,0,0,1,0,0,0,0,1,0,0,0,0,0,0,0.0000,0
6225,18842,2m14,A,12,V,12,V,7.9000,123.8400,61.9600,4.3700,7.9340,123.8190,61.8850,4.3970,7.9540,123.8190,-0.0200,0.0000,0.2000,-0.0200,0.0340,-0.0210,0.0241,0.2531,0,0,0,1,0,0,0,0,0,0,0,0,0,0,0,0.0000,0
6225,18842,2m14,A,13,S,13,S,8.8800,122.0600,59.9800,4.5800,8.8750,121.9810,59.9660,4.6040,8.8950,121.9810,-0.0200,0.0000,0.2000,-0.0200,-0.0050,-0.0790,0.0086,-0.8113,0,0,0,0,0,0,0,0,0,0,0,0,0,0,0,0.0000,0
6225,18842,2m14,A,14,G,14,G,8.2900,113.1700,46.7100,4.1900,8.2670,113.2150,46.7370,4.2295,8.2870,113.2150,-0.0200,0.0000,0.2000,-0.0200,-0.0230,0.0450,0.0169,-0.2445,0,0,0,0,0,0,0,0,0,0,0,0,0,0,0,0.0000,0
6225,18842,2m14,A,15,I,15,I,8.2700,123.1300,59.4800,4.7600,8.3100,123.2440,59.5030,4.8000,8.3300,123.2440,-0.0200,0.0000,0.2000,-0.0200,0.0400,0.1140,0.0305,0.6858,0,0,0,1,0,0,0,0,1,0,0,0,0,0,0,0.0000,0
6225,18842,2m14,A,16,I,16,I,9.3900,127.6100,60.0800,4.8800,9.4180,127.6400,60.0120,4.9470,9.4380,127.6400,-0.0200,0.0000,0.2000,-0.0200,0.0280,0.0300,0.0200,-0.0283,0,0,0,0,0,0,0,0,0,0,0,0,0,0,0,0.0000,0
6225,18842,2m14,A,17,A,17,A,8.9600,127.9300,51.5100,5.0600,8.9480,127.7600,51.6450,5.0850,8.9680,127.7600,-0.0200,0.0000,0.2000,-0.0200,-0.0120,-0.1700,0.0188,-0.1086,0,0,0,0,0,0,0,0,0,0,0,0,0,0,0,0.0000,0
6225,18842,2m14,A,18,I,18,I,8.6900,122.5000,60.9400,4.5200,8.6450,122.2690,60.8560,4.5710,8.6650,122.2690,-0.0200,0.0000,0.2000,-0.0200,-0.0450,-0.2310,0.0392,1.2835,0,1,0,1,1,0,0,0,1,0,0,0,0,0,0,0.0000,0
6225,18842,2m14,A,19,N,19,N,9.3600,127.5700,51.7700,5.0500,9.3580,127.5680,51.8380,5.0600,9.3780,127.5680,-0.0200,0.0000,0.2000,-0.0200,-0.0020,-0.0020,0.0014,-1.3010,0,0,0,0,0,0,0,0,0,0,0,0,0,0,0,0.0000,0
6225,18842,2m14,A,20,E,20,E,9.0400,121.5500,56.0800,4.6600,9.0260,121.5870,56.0910,4.6830,9.0460,121.5870,-0.0200,0.0000,0.2000,-0.0200,-0.0140,0.0370,0.0106,-0.6762,0,0,0,0,0,0,0,0,0,0,0,0,0,0,0,0.0000,0
6225,18842,2m14,A,21,D,21,D,8.7000,121.0900,55.7000,4.5700,8.7040,121.0770,55.7120,4.5990,8.7240,121.0770,-0.0200,0.0000,0.2000,-0.0200,0.0040,-0.0130,0.0031,-1.1861,0,0,0,0,0,0,0,0,0,0,0,0,0,0,0,0.0000,0
6225,18842,2m14,A,22,V,22,V,6.8100,113.0800,59.2300,4.2800,6.8240,113.0350,59.2490,4.2980,6.8440,113.0350,-0.0200,0.0000,0.2000,-0.0200,0.0140,-0.0450,0.0109,-0.6557,0,0,0,0,0,0,0,0,0,0,0,0,0,0,0,0.0000,0
6225,18842,2m14,A,23,S,23,S,8.0400,115.0200,53.8800,4.7000,8.0260,114.9450,53.9650,4.7150,8.0460,114.9450,-0.0200,0.0000,0.2000,-0.0200,-0.0140,-0.0750,0.0124,-0.5517,0,0,0,0,0,0,0,0,0,0,0,0,0,0,0,0.0000,0
6225,18842,2m14,A,24,P,24,P,,,62.9100,4.7300,,,62.7600,4.7480,,,,,,-0.0200,,,,,,,,,,,,,,,,,,,,,0
6225,18842,2m14,A,25,A,25,A,7.9300,120.4200,52.7400,4.4800,7.9590,120.4150,52.7330,4.4950,7.9790,120.4150,-0.0200,0.0000,0.2000,-0.0200,0.0290,-0.0050,0.0205,0.0053,0,0,0,1,0,0,0,0,0,0,0,0,0,0,0,0.0000,0
6225,18842,2m14,A,26,E,26,E,7.8400,115.4200,54.1800,4.9900,7.8310,115.3950,54.2290,5.0190,7.8510,115.3950,-0.0200,0.0000,0.2000,-0.0200,-0.0090,-0.0250,0.0068,-0.9314,0,0,0,0,0,0,0,0,0,0,0,0,0,0,0,0.0000,0
6225,18842,2m14,A,27,L,27,L,8.8600,124.4200,53.8600,5.0000,8.8780,124.6610,53.9810,5.0060,8.8980,124.6610,-0.0200,0.0000,0.2000,-0.0200,0.0180,0.2410,0.0270,0.4522,0,0,0,1,0,0,0,0,0,0,0,0,0,0,0,0.0000,0
6225,18842,2m14,A,28,T,28,T,9.2500,121.6500,61.3100,5.1900,9.2630,121.7310,61.3780,5.1870,9.2830,121.7310,-0.0200,0.0000,0.2000,-0.0200,0.0130,0.0810,0.0122,-0.5638,0,0,0,0,0,0,0,0,0,0,0,0,0,0,0,0.0000,0
6225,18842,2m14,A,29,W,29,W,9.4400,128.9800,55.8800,5.3800,9.3790,128.9500,55.9820,5.4110,9.3990,128.9500,-0.0200,0.0000,0.2000,-0.0200,-0.0610,-0.0300,0.0432,1.5608,0,1,0,1,1,0,0,0,1,0,0,0,0,0,0,0.0000,0
6225,18842,2m14,A,30,R,30,R,7.5800,126.3500,53.5100,4.7700,7.5930,126.4020,53.5890,4.8090,7.6130,126.4020,-0.0200,0.0000,0.2000,-0.0200,0.0130,0.0520,0.0105,-0.6776,0,0,0,0,0,0,0,0,0,0,0,0,0,0,0,0.0000,0
6225,18842,2m14,A,31,S,31,S,8.0600,118.5200,57.9800,4.0400,8.0660,118.3530,58.2130,4.1180,8.0860,118.3530,-0.0200,0.0000,0.2000,-0.0200,0.0060,-0.1670,0.0171,-0.2304,0,0,0,0,0,0,0,0,0,0,0,0,0,0,0,0.0000,0
6225,18842,2m14,A,32,T,32,T,8.5300,119.2700,66.3200,3.8200,8.5360,119.2130,66.3420,3.8360,8.5560,119.2130,-0.0200,0.0000,0.2000,-0.0200,0.0060,-0.0570,0.0071,-0.9155,0,0,0,0,0,0,0,0,0,0,0,0,0,0,0,0.0000,0
6225,18842,2m14,A,33,D,33,D,8.2100,117.3000,54.4800,4.5900,8.2160,117.2600,54.5670,4.6070,8.2360,117.2600,-0.0200,0.0000,0.2000,-0.0200,0.0060,-0.0400,0.0058,-1.0015,0,0,0,0,0,0,0,0,0,0,0,0,0,0,0,0.0000,0
6225,18842,2m14,A,34,G,34,G,7.9200,109.2200,45.5800,3.7950,7.9150,109.1360,45.5990,3.8155,7.9350,109.1360,-0.0200,0.0000,0.2000,-0.0200,-0.0050,-0.0840,0.0090,-0.7802,0,0,0,0,0,0,0,0,0,0,0,0,0,0,0,0.0000,0
6225,18842,2m14,A,35,D,35,D,8.2400,118.0200,54.9200,4.4500,8.2510,117.9130,55.0110,4.5100,8.2710,117.9130,-0.0200,0.0000,0.2000,-0.0200,0.0110,-0.1070,0.0131,-0.4992,0,0,0,0,0,0,0,0,0,0,0,0,0,0,0,0.0000,0
6225,18842,2m14,A,36,K,36,K,7.7500,120.3100,55.7600,4.7800,7.7490,120.3350,55.6070,4.8870,7.7690,120.3350,-0.0200,0.0000,0.2000,-0.0200,-0.0010,0.0250,0.0026,-1.2226,0,0,0,0,0,0,0,0,0,0,0,0,0,0,0,0.0000,0
6225,18842,2m14,A,37,V,37,V,8.5200,121.7900,60.3700,5.2500,8.5620,121.4840,60.2980,5.2950,8.5820,121.4840,-0.0200,0.0000,0.2000,-0.0200,0.0420,-0.3060,0.0424,1.5051,0,1,0,1,1,0,0,0,1,0,0,0,0,0,0,0.0000,0
6225,18842,2m14,A,38,H,38,H,9.6300,126.4400,56.3100,5.0000,9.6010,125.6600,56.2680,5.0640,9.6210,125.6600,-0.0200,0.0000,0.2000,-0.0200,-0.0290,-0.7800,0.0799,4.0701,1,1,1,1,1,1,0,0,1,1,0,1,0,0,1,0.0000,0
6225,18842,2m14,A,39,T,39,T,8.3200,124.2300,61.6500,5.1100,8.5070,124.7520,61.7180,5.1190,8.5270,124.7520,-0.0200,0.0000,0.2000,-0.0200,0.1870,0.5220,0.1420,8.3192,1,1,1,1,1,1,0,0,1,1,1,1,1,0,1,0.0000,0
6225,18842,2m14,A,40,V,40,V,9.3700,126.0100,60.5200,3.8500,9.3680,126.0020,60.5500,3.9040,9.3880,126.0020,-0.0200,0.0000,0.2000,-0.0200,-0.0020,-0.0080,0.0016,-1.2878,0,0,0,0,0,0,0,0,0,0,0,0,0,0,0,0.0000,0
6225,18842,2m14,A,41,V,41,V,9.0400,129.8200,63.8900,3.9100,9.0340,129.8720,63.8160,3.9640,9.0540,129.8720,-0.0200,0.0000,0.2000,-0.0200,-0.0060,0.0520,0.0067,-0.9421,0,0,0,0,0,0,0,0,0,0,0,0,0,0,0,0.0000,0
6225,18842,2m14,A,42,L,42,L,9.1700,130.2000,58.7700,3.8900,9.1730,130.0760,58.8220,3.9340,9.1930,130.0760,-0.0200,0.0000,0.2000,-0.0200,0.0030,-0.1240,0.0125,-0.5460,0,0,0,0,0,0,0,0,0,0,0,0,0,0,0,0.0000,0
6225,18842,2m14,A,43,S,43,S,6.9400,109.6700,59.7400,3.8900,6.9410,109.7030,59.6420,3.9240,6.9610,109.7030,-0.0200,0.0000,0.2000,-0.0200,0.0010,0.0330,0.0033,-1.1700,0,0,0,0,0,0,0,0,0,0,0,0,0,0,0,0.0000,0
6225,18842,2m14,A,44,T,44,T,7.6300,110.3000,62.3200,4.4800,7.6370,110.4090,62.2760,4.4990,7.6570,110.4090,-0.0200,0.0000,0.2000,-0.0200,0.0070,0.1090,0.0119,-0.5861,0,0,0,0,0,0,0,0,0,0,0,0,0,0,0,0.0000,0
6225,18842,2m14,A,45,I,45,I,7.1000,121.0100,58.1200,4.2800,7.0690,120.9720,58.2400,4.3050,7.0890,120.9720,-0.0200,0.0000,0.2000,-0.0200,-0.0310,-0.0380,0.0222,0.1237,0,0,0,1,0,0,0,0,0,0,0,0,0,0,0,0.0000,0
6225,18842,2m14,A,46,D,46,D,9.3200,126.4000,54.9600,4.6200,9.3520,126.7590,55.2170,4.6420,9.3720,126.7590,-0.0200,0.0000,0.2000,-0.0200,0.0320,0.3590,0.0421,1.4852,0,1,0,1,1,0,0,0,1,0,0,0,0,0,0,0.0000,0
6225,18842,2m14,A,47,K,47,K,7.6000,112.7500,54.7800,4.7000,7.5020,111.6630,54.8150,4.7330,7.5220,111.6630,-0.0200,0.0000,0.2000,-0.0200,-0.0980,-1.0870,0.1280,7.3624,1,1,1,1,1,1,0,0,1,1,1,1,0,0,1,0.0000,0
6225,18842,2m14,A,48,L,48,L,8.6900,122.0000,53.2900,5.2500,8.9180,123.2950,53.1360,5.1230,8.9380,123.2950,-0.0200,0.0000,0.2000,-0.0200,0.2280,1.2950,0.2060,12.7009,1,1,1,1,1,1,1,1,1,1,1,1,1,0,1,4.0125,1
6225,18842,2m14,A,49,Q,49,Q,9.2500,123.7300,54.5400,4.7500,9.2260,120.9790,53.8310,5.4920,9.2460,120.9790,-0.0200,0.0000,0.2000,-0.0200,-0.0240,-2.7510,0.2729,17.2794,1,1,1,1,1,1,1,1,1,1,1,1,1,1,1,2.6389,1
6225,18842,2m14,A,50,A,50,A,8.9000,127.4800,50.1600,5.4600,9.3450,122.4400,50.8210,5.7880,9.3650,122.4400,-0.0200,0.0000,0.2000,-0.0200,0.4450,-5.0400,0.5899,38.9793,1,1,1,1,1,1,1,1,1,1,1,1,1,1,1,3.6003,1
6225,18842,2m14,A,51,T,51,T,8.1900,114.0900,59.6700,4.5000,8.3480,114.2890,59.3970,4.5950,8.3680,114.2890,-0.0200,0.0000,0.2000,-0.0200,0.1580,0.1990,0.1134,6.3669,1,1,1,1,1,1,0,0,1,1,1,1,0,0,1,2.4539,1
6225,18842,2m14,A,52,P,52,P,,,62.5000,4.6300,,,62.3750,4.5110,,,,,,-0.0200,,,,,,,,,,,,,,,,,,,,,0
6225,18842,2m14,A,53,A,53,A,,,54.9000,4.0300,9.1220,126.2350,54.7950,4.0100,9.1220,126.2350,,,,-0.0200,,,,,,,,,,,,,,,,,,,,0.0000,0
6225,18842,2m14,A,54,S,54,S,7.6300,107.7400,58.2600,4.2300,7.6000,107.2160,58.4600,4.2180,7.6200,107.2160,-0.0200,0.0000,0.2000,-0.0200,-0.0300,-0.5240,0.0560,2.4375,1,1,1,1,1,1,0,0,1,1,0,1,0,0,1,0.0000,0
6225,18842,2m14,A,55,S,55,S,7.6600,117.0500,57.6600,4.5200,7.6560,117.5230,57.7000,4.4490,7.6760,117.5230,-0.0200,0.0000,0.2000,-0.0200,-0.0040,0.4730,0.0469,1.8123,0,1,0,1,1,0,0,0,1,0,0,0,0,0,0,0.0000,0
6225,18842,2m14,A,56,E,56,E,8.9200,125.6700,58.1600,4.1300,8.8240,124.5570,57.8610,4.1590,8.8440,124.5570,-0.0200,0.0000,0.2000,-0.0200,-0.0960,-1.1130,0.1294,7.4599,1,1,1,1,1,1,0,0,1,1,1,1,0,0,1,0.0000,0
6225,18842,2m14,A,57,K,57,K,7.9700,118.9500,55.8400,4.2900,8.2390,119.2200,56.0550,4.2760,8.2590,119.2200,-0.0200,0.0000,0.2000,-0.0200,0.2690,0.2700,0.1921,11.7496,1,1,1,1,1,1,1,0,1,1,1,1,1,0,1,0.0000,0
6225,18842,2m14,A,58,M,58,M,8.8200,124.7500,55.3900,4.3100,8.7910,123.2700,55.2670,4.2680,8.8110,123.2700,-0.0200,0.0000,0.2000,-0.0200,-0.0290,-1.4800,0.1479,8.7281,1,1,1,1,1,1,1,0,1,1,1,1,1,0,1,0.0000,0
6225,18842,2m14,A,59,M,59,M,8.4000,122.5700,55.0500,5.5900,8.3750,120.4900,55.1030,5.8530,8.3950,120.4900,-0.0200,0.0000,0.2000,-0.0200,-0.0250,-2.0800,0.2067,12.7481,1,1,1,1,1,1,1,1,1,1,1,1,1,0,1,4.8511,1
6225,18842,2m14,A,60,L,60,L,9.1400,121.6200,53.4500,5.2700,9.0830,118.1050,53.3280,5.6440,9.1030,118.1050,-0.0200,0.0000,0.2000,-0.0200,-0.0570,-3.5150,0.3503,22.5796,1,1,1,1,1,1,1,1,1,1,1,1,1,1,1,0.0000,0
6225,18842,2m14,A,61,R,61,R,9.2600,122.3200,54.4600,5.3900,9.2670,120.7570,54.9240,5.4380,9.2870,120.7570,-0.0200,0.0000,0.2000,-0.0200,0.0070,-1.5630,0.1548,9.1982,1,1,1,1,1,1,1,0,1,1,1,1,1,0,1,5.1958,1
6225,18842,2m14,A,62,L,62,L,9.3300,125.8600,54.8600,4.9700,9.2870,127.1390,54.6000,5.0090,9.3070,127.1390,-0.0200,0.0000,0.2000,-0.0200,-0.0430,1.2790,0.1302,7.5147,1,1,1,1,1,1,0,0,1,1,1,1,0,0,1,0.0000,0
6225,18842,2m14,A,63,I,63,I,8.9500,124.2000,60.2600,4.5400,8.8710,123.2920,59.5870,4.5680,8.8910,123.2920,-0.0200,0.0000,0.2000,-0.0200,-0.0790,-0.9080,0.1058,5.8456,1,1,1,1,1,1,0,0,1,1,1,1,0,0,1,0.0000,0
6225,18842,2m14,A,64,G,64,G,9.3100,115.6500,45.3300,4.3550,9.3360,115.5650,45.6290,4.3530,9.3560,115.5650,-0.0200,0.0000,0.2000,-0.0200,0.0260,-0.0850,0.0202,-0.0147,0,0,0,0,0,0,0,0,0,0,0,0,0,0,0,0.0000,0
6225,18842,2m14,A,65,K,65,K,8.3300,119.4700,56.7700,4.2500,8.3410,119.4420,56.7880,4.2750,8.3610,119.4420,-0.0200,0.0000,0.2000,-0.0200,0.0110,-0.0280,0.0083,-0.8335,0,0,0,0,0,0,0,0,0,0,0,0,0,0,0,0.0000,0
6225,18842,2m14,A,66,V,66,V,8.6100,122.0000,62.0700,4.1000,8.6170,122.1310,62.2630,4.0660,8.6370,122.1310,-0.0200,0.0000,0.2000,-0.0200,0.0070,0.1310,0.0139,-0.4486,0,0,0,0,0,0,0,0,0,0,0,0,0,0,0,0.0000,0
6225,18842,2m14,A,67,D,67,D,,,53.1400,4.6700,8.4600,125.5100,53.1400,4.7070,8.4600,125.5100,,,,-0.0200,,,,,,,,,,,,,,,,,,,,0.0000,0
6225,18842,2m14,A,68,E,68,E,8.7300,124.4200,57.6100,4.1100,8.7320,124.4490,58.0550,4.0680,8.7520,124.4490,-0.0200,0.0000,0.2000,-0.0200,0.0020,0.0290,0.0032,-1.1797,0,0,0,0,0,0,0,0,0,0,0,0,0,0,0,0.0000,0
6225,18842,2m14,A,69,S,69,S,8.4700,115.8200,60.3700,4.2800,8.4770,115.5150,60.3390,4.3090,8.4970,115.5150,-0.0200,0.0000,0.2000,-0.0200,0.0070,-0.3050,0.0306,0.6956,0,0,0,1,0,0,0,0,1,0,0,0,0,0,0,0.0000,0
6225,18842,2m14,A,70,K,70,K,7.6900,121.8500,55.4900,4.3800,7.6690,121.7330,55.5240,4.3900,7.6890,121.7330,-0.0200,0.0000,0.2000,-0.0200,-0.0210,-0.1170,0.0188,-0.1097,0,0,0,0,0,0,0,0,0,0,0,0,0,0,0,0.0000,0
6225,18842,2m14,A,71,K,71,K,7.8000,121.2800,56.6200,4.3600,7.7300,121.0120,56.8120,4.3870,7.7500,121.0120,-0.0200,0.0000,0.2000,-0.0200,-0.0700,-0.2680,0.0562,2.4455,1,1,1,1,1,1,0,0,1,1,0,1,0,0,1,0.0000,0
6225,18842,2m14,A,72,R,72,R,8.4200,122.2900,54.8500,4.5500,8.4000,122.0640,55.1290,4.5810,8.4200,122.0640,-0.0200,0.0000,0.2000,-0.0200,-0.0200,-0.2260,0.0265,0.4130,0,0,0,1,0,0,0,0,0,0,0,0,0,0,0,0.0000,0
6225,18842,2m14,A,73,K,73,K,8.4000,121.3000,55.4500,4.8000,8.3810,121.2170,55.4050,4.9130,8.4010,121.2170,-0.0200,0.0000,0.2000,-0.0200,-0.0190,-0.0830,0.0157,-0.3208,0,0,0,0,0,0,0,0,0,0,0,0,0,0,0,0.0000,0
6225,18842,2m14,A,74,D,74,D,8.5600,121.9400,53.0100,4.6100,8.5620,122.0250,52.9560,4.6900,8.5820,122.0250,-0.0200,0.0000,0.2000,-0.0200,0.0020,0.0850,0.0085,-0.8147,0,0,0,0,0,0,0,0,0,0,0,0,0,0,0,0.0000,0
6225,18842,2m14,A,75,N,75,N,8.4100,116.3600,54.9600,4.5000,8.4130,116.2280,55.0530,4.5160,8.4330,116.2280,-0.0200,0.0000,0.2000,-0.0200,0.0030,-0.1320,0.0132,-0.4926,0,0,0,0,0,0,0,0,0,0,0,0,0,0,0,0.0000,0
6225,18842,2m14,A,76,E,76,E,8.1400,119.0700,56.4200,4.3300,8.1420,118.9580,56.3630,4.3610,8.1620,118.9580,-0.0200,0.0000,0.2000,-0.0200,0.0020,-0.1120,0.0112,-0.6337,0,0,0,0,0,0,0,0,0,0,0,0,0,0,0,0.0000,0
6225,18842,2m14,A,77,G,77,G,8.1000,108.1300,45.4200,3.9000,8.0860,108.0620,45.4100,3.9145,8.1060,108.0620,-0.0200,0.0000,0.2000,-0.0200,-0.0140,-0.0680,0.0120,-0.5793,0,0,0,0,0,0,0,0,0,0,0,0,0,0,0,0.0000,0
6225,18842,2m14,A,78,N,78,N,8.5300,119.8300,53.0000,4.7000,8.5490,119.9290,52.9950,4.7260,8.5690,119.9290,-0.0200,0.0000,0.2000,-0.0200,0.0190,0.0990,0.0166,-0.2604,0,0,0,0,0,0,0,0,0,0,0,0,0,0,0,0.0000,0
6225,18842,2m14,A,79,E,79,E,8.6900,121.5900,56.8100,,8.6710,121.6580,56.8620,4.4810,8.6910,121.6580,-0.0200,0.0000,0.2000,,-0.0190,0.0680,0.0150,-0.3701,0,0,0,0,0,0,0,0,0,0,0,0,0,0,0,0.0000,0
6225,18842,2m14,A,82,P,82,P,,,,,,,62.5650,4.4320,,,,,,,,,,,,,,,,,,,,,,,,,,,0
6225,18842,2m14,A,83,K,83,K,8.3000,122.1100,,,8.2960,121.7270,53.7790,4.5510,8.3160,121.7270,-0.0200,0.0000,,,-0.0040,-0.3830,0.0380,1.2038,0,1,0,1,1,0,0,0,1,0,0,0,0,0,0,0.0000,0
6225,18842,2m14,A,84,P,84,P,,,62.8900,4.2700,,,62.4760,4.2730,,,,,,-0.0200,,,,,,,,,,,,,,,,,,,,,0
6225,18842,2m14,A,85,Q,85,Q,8.5000,121.4800,56.2300,4.1400,8.4510,121.4230,56.2410,4.1250,8.4710,121.4230,-0.0200,0.0000,0.2000,-0.0200,-0.0490,-0.0570,0.0351,1.0042,0,1,0,1,1,0,0,0,1,0,0,0,0,0,0,0.0000,0
6225,18842,2m14,A,86,R,86,R,8.2400,121.1900,54.8900,5.1000,8.2450,120.9720,54.5920,5.1670,8.2650,120.9720,-0.0200,0.0000,0.2000,-0.0200,0.0050,-0.2180,0.0219,0.0982,0,0,0,1,0,0,0,0,0,0,0,0,0,0,0,0.0000,0
6225,18842,2m14,A,87,H,87,H,8.6900,121.5900,54.4700,4.7100,8.5700,120.3900,54.4070,4.7250,8.5900,120.3900,-0.0200,0.0000,0.2000,-0.0200,-0.1200,-1.2000,0.1460,8.5943,1,1,1,1,1,1,1,0,1,1,1,1,1,0,1,0.0000,0
6225,18842,2m14,A,88,M,88,M,8.5300,125.2700,55.0600,5.2500,8.6960,126.6110,54.9820,5.3000,8.7160,126.6110,-0.0200,0.0000,0.2000,-0.0200,0.1660,1.3410,0.1772,10.7312,1,1,1,1,1,1,1,0,1,1,1,1,1,0,1,0.0000,0
6225,18842,2m14,A,89,F,89,F,8.9300,122.0300,56.5500,5.1100,8.9690,122.3280,56.6520,5.1900,8.9890,122.3280,-0.0200,0.0000,0.2000,-0.0200,0.0390,0.2980,0.0404,1.3655,0,1,0,1,1,0,0,0,1,0,0,0,0,0,0,0.0000,0
6225,18842,2m14,A,90,S,90,S,8.7400,116.8900,57.2100,5.6400,8.6600,116.0940,56.8450,5.6610,8.6800,116.0940,-0.0200,0.0000,0.2000,-0.0200,-0.0800,-0.7960,0.0970,5.2413,1,1,1,1,1,1,0,0,1,1,0,1,0,0,1,0.0000,0
6225,18842,2m14,A,91,F,91,F,8.7400,119.9700,57.4100,4.8800,9.0300,120.8120,57.6020,4.8740,9.0500,120.8120,-0.0200,0.0000,0.2000,-0.0200,0.2900,0.8420,0.2214,13.7535,1,1,1,1,1,1,1,1,1,1,1,1,1,1,1,0.0000,0
6225,18842,2m14,A,92,N,92,N,9.1000,115.9600,52.4600,5.0700,9.1150,115.8760,52.4070,5.0820,9.1350,115.8760,-0.0200,0.0000,0.2000,-0.0200,0.0150,-0.0840,0.0135,-0.4762,0,0,0,0,0,0,0,0,0,0,0,0,0,0,0,0.0000,0
6225,18842,2m14,A,93,N,93,N,7.2500,118.4800,53.1500,4.8700,7.2510,118.3350,53.2280,4.8810,7.2710,118.3350,-0.0200,0.0000,0.2000,-0.0200,0.0010,-0.1450,0.0144,-0.4150,0,0,0,0,0,0,0,0,0,0,0,0,0,0,0,0.0000,0
6225,18842,2m14,A,94,R,94,R,9.3000,129.0900,59.3800,3.8400,9.3140,129.0270,59.2510,3.8450,9.3340,129.0270,-0.0200,0.0000,0.2000,-0.0200,0.0140,-0.0630,0.0117,-0.5979,0,0,0,0,0,0,0,0,0,0,0,0,0,0,0,0.0000,0
6225,18842,2m14,A,95,T,95,T,7.9700,115.7100,66.5800,3.9600,7.9800,115.7560,66.5250,4.0080,8.0000,115.7560,-0.0200,0.0000,0.2000,-0.0200,0.0100,0.0460,0.0084,-0.8231,0,0,0,0,0,0,0,0,0,0,0,0,0,0,0,0.0000,0
6225,18842,2m14,A,96,V,96,V,7.5500,121.7500,66.0700,3.7600,7.5890,121.8520,66.1580,3.7760,7.6090,121.8520,-0.0200,0.0000,0.2000,-0.0200,0.0390,0.1020,0.0294,0.6115,0,0,0,1,0,0,0,0,0,0,0,0,0,0,0,0.0000,0
6225,18842,2m14,A,97,M,97,M,7.2900,117.5000,59.7700,2.3200,7.3170,117.4690,,2.3370,7.3370,117.4690,-0.0200,0.0000,,,0.0270,-0.0310,0.0193,-0.0751,0,0,0,0,0,0,0,0,0,0,0,0,0,0,0,0.0000,0
6225,18842,2m14,A,98,D,98,D,8.6500,118.0900,57.6500,4.2200,8.7090,118.1620,57.7540,4.2960,8.7290,118.1620,-0.0200,0.0000,0.2000,-0.0200,0.0590,0.0720,0.0423,1.4984,0,1,0,1,1,0,0,0,1,0,0,0,0,0,0,0.0000,0
6225,18842,2m14,A,99,N,99,N,8.0900,120.2800,56.1700,4.4100,8.0840,120.3030,56.2940,4.4490,8.1040,120.3030,-0.0200,0.0000,0.2000,-0.0200,-0.0060,0.0230,0.0048,-1.0692,0,0,0,0,0,0,0,0,0,0,0,0,0,0,0,0.0000,0
6225,18842,2m14,A,100,I,100,I,8.0200,121.0000,62.8300,3.6200,8.0000,121.1600,62.9460,3.6260,8.0200,121.1600,-0.0200,0.0000,0.2000,-0.0200,-0.0200,0.1600,0.0212,0.0547,0,0,0,1,0,0,0,0,0,0,0,0,0,0,0,0.0000,0
6225,18842,2m14,A,101,K,101,K,8.8600,120.7100,60.5300,3.5900,8.8870,120.7470,60.3600,3.6640,8.9070,120.7470,-0.0200,0.0000,0.2000,-0.0200,0.0270,0.0370,0.0194,-0.0681,0,0,0,0,0,0,0,0,0,0,0,0,0,0,0,7.1684,1
6225,18842,2m14,A,102,M,102,M,8.0100,116.9800,58.7900,4.1300,7.9820,116.1260,58.5670,4.2250,8.0020,116.1260,-0.0200,0.0000,0.2000,-0.0200,-0.0280,-0.8540,0.0868,4.5449,1,1,1,1,1,1,0,0,1,1,0,1,0,0,1,0.0000,0
6225,18842,2m14,A,103,T,103,T,7.6800,118.1200,66.3400,3.8100,7.6740,117.9880,66.3680,3.8410,7.6940,117.9880,-0.0200,0.0000,0.2000,-0.0200,-0.0060,-0.1320,0.0137,-0.4583,0,0,0,0,0,0,0,0,0,0,0,0,0,0,0,0.0000,0
6225,18842,2m14,A,104,L,104,L,8.5300,119.2700,58.1200,3.8300,8.5100,119.2480,58.2460,3.8600,8.5300,119.2480,-0.0200,0.0000,0.2000,-0.0200,-0.0200,-0.0220,0.0143,-0.4193,0,0,0,0,0,0,0,0,0,0,0,0,0,0,0,0.0000,0
6225,18842,2m14,A,105,Q,105,Q,8.7500,118.1300,59.2500,3.8900,8.6030,119.0710,59.2730,3.9480,8.6230,119.0710,-0.0200,0.0000,0.2000,-0.0200,-0.1470,0.9410,0.1396,8.1557,1,1,1,1,1,1,0,0,1,1,1,1,1,0,1,0.7351,1
6225,18842,2m14,A,106,Q,106,Q,7.5500,118.1200,58.8300,4.0400,7.5610,117.9460,58.9150,4.0190,7.5810,117.9460,-0.0200,0.0000,0.2000,-0.0200,0.0110,-0.1740,0.0189,-0.1050,0,0,0,0,0,0,0,0,0,0,0,0,0,0,0,0.0000,0
6225,18842,2m14,A,107,I,107,I,7.7500,120.3100,65.6700,3.4400,7.7810,120.0130,65.6820,3.4450,7.8010,120.0130,-0.0200,0.0000,0.2000,-0.0200,0.0310,-0.2970,0.0367,1.1116,0,1,0,1,1,0,0,0,1,0,0,0,0,0,0,0.0000,0
6225,18842,2m14,A,108,I,108,I,8.7300,117.0800,65.7000,3.8100,8.7140,117.6860,65.8030,3.7640,8.7340,117.6860,-0.0200,0.0000,0.2000,-0.0200,-0.0160,0.6060,0.0610,2.7801,1,1,1,1,1,1,0,0,1,1,0,1,0,0,1,0.0000,0
6225,18842,2m14,A,109,S,109,S,7.8400,114.6500,61.7400,4.1900,7.8610,114.1980,61.7640,4.1940,7.8810,114.1980,-0.0200,0.0000,0.2000,-0.0200,0.0210,-0.4520,0.0471,1.8284,0,1,0,1,1,0,0,0,1,0,0,0,0,0,0,0.0000,0
6225,18842,2m14,A,110,R,110,R,7.5400,121.1100,58.5900,4.0800,7.5300,121.0100,58.5760,4.1170,7.5500,121.0100,-0.0200,0.0000,0.2000,-0.0200,-0.0100,-0.1000,0.0122,-0.5660,0,0,0,0,0,0,0,0,0,0,0,0,0,0,0,0.0000,0
6225,18842,2m14,A,111,Y,111,Y,7.4100,117.1200,57.7100,4.7500,7.4760,117.2430,57.7740,4.7750,7.4960,117.2430,-0.0200,0.0000,0.2000,-0.0200,0.0660,0.1230,0.0482,1.9028,0,1,0,1,1,0,0,0,1,0,0,0,0,0,0,0.0000,0
6225,18842,2m14,A,112,K,112,K,7.7200,120.9900,57.4500,4.3400,7.7350,121.0400,57.8300,4.3140,7.7550,121.0400,-0.0200,0.0000,0.2000,-0.0200,0.0150,0.0500,0.0117,-0.5976,0,0,0,0,0,0,0,0,0,0,0,0,0,0,0,0.0000,0
6225,18842,2m14,A,113,D,113,D,8.3200,120.8600,54.9900,4.5900,8.2260,120.5930,,4.6370,8.2460,120.5930,-0.0200,0.0000,,,-0.0940,-0.2670,0.0715,3.4977,1,1,1,1,1,1,0,0,1,1,0,1,0,0,1,0.0000,0
6225,18842,2m14,A,114,A,114,A,8.0400,123.6300,53.1000,4.3000,8.0180,123.7210,53.0860,4.3290,8.0380,123.7210,-0.0200,0.0000,0.2000,-0.0200,-0.0220,0.0910,0.0180,-0.1682,0,0,0,0,0,0,0,0,0,0,0,0,0,0,0,0.0000,0
6225,18842,2m14,A,115,D,115,D,8.2100,119.2500,54.7200,4.6000,8.2340,119.2600,55.0060,4.6190,8.2540,119.2600,-0.0200,0.0000,0.2000,-0.0200,0.0240,0.0100,0.0170,-0.2351,0,0,0,0,0,0,0,0,0,0,0,0,0,0,0,0.0000,0
6225,18842,2m14,A,116,G,116,G,8.2400,108.9500,45.6000,3.9500,8.2410,108.8920,,3.9850,8.2610,108.8920,-0.0200,0.0000,,,0.0010,-0.0580,0.0058,-1.0028,0,0,0,0,0,0,0,0,0,0,0,0,0,0,0,,0
6225,18842,2m14,A,117,N,117,N,8.3200,118.8200,53.5900,4.8000,8.3050,118.7830,53.4110,4.7620,8.3250,118.7830,-0.0200,0.0000,0.2000,-0.0200,-0.0150,-0.0370,0.0112,-0.6307,0,0,0,0,0,0,0,0,0,0,0,0,0,0,0,,0
6225,18842,2m14,A,118,S,118,S,8.3200,116.6500,58.5000,4.5200,8.3060,116.5940,58.4580,4.5400,8.3260,116.5940,-0.0200,0.0000,0.2000,-0.0200,-0.0140,-0.0560,0.0113,-0.6221,0,0,0,0,0,0,0,0,0,0,0,0,0,0,0,,0
6225,18842,2m14,A,119,S,119,S,8.0100,123.3000,60.1000,4.2700,8.0000,123.2240,60.1630,4.2930,8.0200,123.2240,-0.0200,0.0000,0.2000,-0.0200,-0.0100,-0.0760,0.0103,-0.6920,0,0,0,0,0,0,0,0,0,0,0,0,0,0,0,,0
