apo_bmrb,holo_bmrb,holo_pdb,chain,apo_resi,apo_aa,holo_resi,holo_aa,resi,aa,H_apo,H_holo,H_offset,dH_1d,CSP_H_1d,z_H_1d,csp_H_1d_significant,N_apo,N_holo,N_offset,dN_1d,CSP_N_1d,z_N_1d,csp_N_1d_significant,CA_apo,CA_holo,CA_offset,dCA_1d,CSP_CA_1d,z_CA_1d,csp_CA_1d_significant,HA_apo,HA_holo,HA_offset,dHA_1d,CSP_HA_1d,z_HA_1d,csp_HA_1d_significant
25495,19789,2mkp,C,3,D,3,D,3,D,8.5090,8.5380,,0.0290,0.0290,-0.5219,False,122.8460,122.9280,,0.0820,0.0820,-0.5187,False,55.8250,,,,,,,,,,,,,
25495,19789,2mkp,C,4,I,4,I,4,I,8.2270,8.2060,-0.0300,-0.0210,0.0210,-0.6915,False,119.3560,119.2550,-0.0500,-0.1010,0.1010,-0.4742,False,63.6950,63.8250,0.0000,0.1300,0.1300,-0.3787,False,,,,,,,
25495,19789,2mkp,C,5,Y,5,Y,5,Y,7.6390,7.6180,,-0.0210,0.0210,-0.6915,False,121.1430,120.9030,,-0.2400,0.2400,-0.1488,True,60.1390,,,,,,,,,,,,,
25495,19789,2mkp,C,6,K,6,K,6,K,7.9290,7.8940,,-0.0350,0.0350,-0.3948,False,120.8430,120.9460,,0.1030,0.1030,-0.4695,False,59.5780,,,,,,,,,,,,,
25495,19789,2mkp,C,7,A,7,A,7,A,7.9340,7.9340,,0.0000,0.0000,-1.1366,False,120.4970,120.2840,,-0.2130,0.2130,-0.2120,False,54.6510,,,,,,,,,,,,,
25495,19789,2mkp,C,8,A,8,A,8,A,7.4790,7.5010,,0.0220,0.0220,-0.6703,False,119.9530,119.9880,,0.0350,0.0350,-0.6287,False,54.6750,,,,,,,,,,,,,
25495,19789,2mkp,C,9,V,9,V,9,V,8.0300,8.0470,-0.0300,0.0170,0.0170,-0.7763,False,119.2270,119.1250,-0.0500,-0.1020,0.1020,-0.4719,False,66.2480,66.3760,0.0000,0.1280,0.1280,-0.3916,False,,,,,,,
25495,19789,2mkp,C,10,E,10,E,10,E,7.7630,7.8020,,0.0390,0.0390,-0.3100,False,118.4510,118.3870,,-0.0640,0.0640,-0.5608,False,58.3600,,,,,,,,,,,,,
25495,19789,2mkp,C,11,Q,11,Q,11,Q,7.4050,7.3770,,-0.0280,0.0280,-0.5431,False,114.9380,114.9220,,-0.0160,0.0160,-0.6732,False,55.6120,,,,,,,,,,,,,
25495,19789,2mkp,C,12,L,12,L,12,L,7.3850,7.3580,-0.0300,-0.0270,0.0270,-0.5643,False,120.8280,120.6260,-0.0500,-0.2020,0.2020,-0.2378,False,55.3200,55.2030,0.0000,-0.1170,0.1170,-0.4628,False,,,,,,,
25495,19789,2mkp,C,13,T,13,T,13,T,8.9300,8.8450,-0.0300,-0.0850,0.0850,0.6650,True,113.9280,113.6730,-0.0500,-0.2550,0.2550,-0.1137,True,60.8040,60.9440,0.0000,0.1400,0.1400,-0.3140,False,,,,,,,
25495,19789,2mkp,C,14,E,14,E,14,E,9.0280,9.0030,,-0.0250,0.0250,-0.6067,False,121.7200,121.7390,,0.0190,0.0190,-0.6662,False,59.9580,,,,,,,,,,,,,
25495,19789,2mkp,C,15,E,15,E,15,E,8.6510,8.5380,,-0.1130,0.1130,1.2584,True,117.7440,117.8080,,0.0640,0.0640,-0.5608,False,60.3350,,,,,,,,,,,,,
25495,19789,2mkp,C,16,Q,16,Q,16,Q,7.8720,7.8450,-0.0300,-0.0270,0.0270,-0.5643,False,119.4760,119.0300,-0.0500,-0.4460,0.4460,0.3334,True,59.1090,59.0220,0.0000,-0.0870,0.0870,-0.6569,False,,,,,,,
25495,19789,2mkp,C,17,K,17,K,17,K,8.5720,8.6500,,0.0780,0.0780,0.5166,True,118.6090,118.9340,,0.3250,0.3250,0.0502,True,61.8730,,,,,,,,,,,,,
25495,19789,2mkp,C,18,N,18,N,18,N,8.5810,,,,,,,117.9080,,,,,,,56.0220,56.0410,,0.0190,0.0190,-1.0969,False,,,,,,,
25495,19789,2mkp,C,19,E,19,E,19,E,7.9930,8.1010,-0.0300,0.1080,0.1080,1.1525,True,123.4460,123.3990,-0.0500,-0.0470,0.0470,-0.6006,False,59.9260,60.1570,0.0000,0.2310,0.2310,0.2748,True,,,,,,,
25495,19789,2mkp,C,20,F,20,F,20,F,8.5280,8.6450,,0.1170,0.1170,1.3432,True,117.8210,117.8730,,0.0520,0.0520,-0.5889,False,59.8440,,,,,,,,,,,,,
25495,19789,2mkp,C,21,K,21,K,21,K,8.9290,8.7810,,-0.1480,0.1480,2.0003,True,122.6560,122.5550,,-0.1010,0.1010,-0.4742,False,58.6950,,,,,,,,,,,,,
25495,19789,2mkp,C,22,A,22,A,22,A,7.7990,7.8440,,0.0450,0.0450,-0.1828,False,121.4790,121.6570,,0.1780,0.1780,-0.2940,False,55.1000,,,,,,,,,,,,,
25495,19789,2mkp,C,23,A,23,A,23,A,,8.1410,,,,,,,119.0440,,,,,,55.1610,,,,,,,,,,,,,
25495,19789,2mkp,C,24,F,24,F,24,F,9.0530,8.9420,,-0.1110,0.1110,1.2161,True,121.4930,121.0510,,-0.4420,0.4420,0.3240,True,62.4260,,,,,,,,,,,,,
25495,19789,2mkp,C,25,D,25,D,25,D,8.5120,8.5460,,0.0340,0.0340,-0.4160,False,116.5180,116.4250,,-0.0930,0.0930,-0.4929,False,57.0250,,,,,,,,,,,,,
25495,19789,2mkp,C,26,I,26,I,26,I,7.2210,7.3140,,0.0930,0.0930,0.8345,True,119.2130,119.5840,,0.3710,0.3710,0.1578,True,63.6880,,,,,,,,,,,,,
25495,19789,2mkp,C,27,F,27,F,27,F,8.2870,8.1030,,-0.1840,0.1840,2.7633,True,123.2650,120.8370,,-2.4280,2.4280,4.9731,True,60.0090,,,,,,,,,,,,,
25495,19789,2mkp,C,28,V,28,V,28,V,7.5440,7.5250,-0.0300,-0.0190,0.0190,-0.7339,False,106.0130,107.8050,-0.0500,1.7920,1.7920,3.4843,True,61.2980,61.7540,0.0000,0.4560,0.4560,1.7307,True,,,,,,,
25495,19789,2mkp,C,29,L,29,L,29,L,7.2400,7.2290,,-0.0110,0.0110,-0.9034,False,125.8300,125.1870,,-0.6430,0.6430,0.7946,True,57.5160,,,,,,,,,,,,,
25495,19789,2mkp,C,30,G,30,G,30,G,8.8790,8.7990,,-0.0800,0.0800,0.5590,True,112.6250,111.8160,,-0.8090,0.8090,1.1832,True,45.4090,,,,,,,,,,,,,
25495,19789,2mkp,C,31,A,31,A,31,A,8.0770,7.9460,,-0.1310,0.1310,1.6400,True,124.4240,124.1510,,-0.2730,0.2730,-0.0716,True,52.1730,,,,,,,,,,,,,
25495,19789,2mkp,C,32,E,32,E,32,E,9.2160,9.1020,,-0.1140,0.1140,1.2796,True,125.2930,124.6210,,-0.6720,0.6720,0.8625,True,59.1080,,,,,,,,,,,,,
25495,19789,2mkp,C,33,D,33,D,33,D,8.1770,8.1990,,0.0220,0.0220,-0.6703,False,115.5020,115.9350,,0.4330,0.4330,0.3030,True,52.9920,,,,,,,,,,,,,
25495,19789,2mkp,C,34,G,34,G,34,G,7.5880,7.6530,,0.0650,0.0650,0.2411,True,105.8960,105.7130,,-0.1830,0.1830,-0.2823,False,46.6380,,,,,,,,,,,,,
25495,19789,2mkp,C,35,C,35,C,35,C,7.4380,7.6210,,0.1830,0.1830,2.7421,True,114.1790,113.4470,,-0.7320,0.7320,1.0029,True,57.6680,,,,,,,,,,,,,
25495,19789,2mkp,C,36,I,36,I,36,I,8.8470,8.7930,,-0.0540,0.0540,0.0079,True,119.5780,119.3840,,-0.1940,0.1940,-0.2565,False,62.7620,,,,,,,,,,,,,
25495,19789,2mkp,C,37,S,37,S,37,S,9.4620,9.4210,,-0.0410,0.0410,-0.2676,False,126.2820,125.9510,,-0.3310,0.3310,0.0642,True,57.2260,,,,,,,,,,,,,
25495,19789,2mkp,C,38,T,38,T,38,T,8.7960,8.7860,-0.0300,-0.0100,0.0100,-0.9246,False,112.0150,112.2360,-0.0500,0.2210,0.2210,-0.1933,False,66.4430,66.7080,0.0000,0.2650,0.2650,0.4948,True,,,,,,,
25495,19789,2mkp,C,39,K,39,K,39,K,8.0500,8.0160,,-0.0340,0.0340,-0.4160,False,123.2440,122.6720,,-0.5720,0.5720,0.6284,True,59.5570,,,,,,,,,,,,,
25495,19789,2mkp,C,40,E,40,E,40,E,7.7500,7.7050,,-0.0450,0.0450,-0.1828,False,119.3590,119.0980,,-0.2610,0.2610,-0.0997,True,60.7660,,,,,,,,,,,,,
25495,19789,2mkp,C,41,L,41,L,41,L,8.3490,8.3260,-0.0300,-0.0230,0.0230,-0.6491,False,119.2560,119.1550,-0.0500,-0.1010,0.1010,-0.4742,False,57.8840,57.6880,0.0000,-0.1960,0.1960,0.0484,True,,,,,,,
25495,19789,2mkp,C,42,G,42,G,42,G,8.5030,8.4220,,-0.0810,0.0810,0.5802,True,106.0530,105.7410,,-0.3120,0.3120,0.0197,True,48.1400,,,,,,,,,,,,,
25495,19789,2mkp,C,43,K,43,K,43,K,7.3190,7.2650,,-0.0540,0.0540,0.0079,True,120.9460,120.6660,,-0.2800,0.2800,-0.0552,True,59.9610,,,,,,,,,,,,,
25495,19789,2mkp,C,44,V,44,V,44,V,7.5700,7.4580,-0.0300,-0.1120,0.1120,1.2373,True,119.6390,119.2780,-0.0500,-0.3610,0.3610,0.1344,True,66.3060,66.3870,0.0000,0.0810,0.0810,-0.6958,False,,,,,,,
25495,19789,2mkp,C,45,M,45,M,45,M,8.4380,8.3570,,-0.0810,0.0810,0.5802,True,116.8460,116.1220,,-0.7240,0.7240,0.9842,True,58.3450,,,,,,,,,,,,,
25495,19789,2mkp,C,46,R,46,R,46,R,8.1140,8.1150,,0.0010,0.0010,-1.1154,False,118.7620,118.7990,,0.0370,0.0370,-0.6240,False,59.3510,,,,,,,,,,,,,
25495,19789,2mkp,C,47,M,47,M,47,M,7.8890,7.8660,,-0.0230,0.0230,-0.6491,False,122.3390,122.1830,,-0.1560,0.1560,-0.3455,False,59.1170,,,,,,,,,,,,,
25495,19789,2mkp,C,48,L,48,L,48,L,7.5160,7.4690,-0.0300,-0.0470,0.0470,-0.1404,False,117.6540,117.1630,-0.0500,-0.4910,0.4910,0.4387,True,54.6570,54.6780,0.0000,0.0210,0.0210,-1.0840,False,,,,,,,
25495,19789,2mkp,C,49,G,49,G,49,G,7.8750,7.8410,,-0.0340,0.0340,-0.4160,False,107.4940,107.1540,,-0.3400,0.3400,0.0853,True,45.8990,,,,,,,,,,,,,
25495,19789,2mkp,C,50,Q,50,Q,50,Q,8.0250,8.0140,,-0.0110,0.0110,-0.9034,False,118.1650,118.4110,,0.2460,0.2460,-0.1348,True,54.0620,,,,,,,,,,,,,
25495,19789,2mkp,C,51,N,51,N,51,N,8.7060,8.7160,,0.0100,0.0100,-0.9246,False,116.7520,116.6150,,-0.1370,0.1370,-0.3899,False,51.1840,,,,,,,,,,,,,
25495,19789,2mkp,C,53,T,53,T,53,T,8.8990,8.8010,,-0.0980,0.0980,0.9405,True,114.4410,113.8210,,-0.6200,0.6200,0.7407,True,60.3140,,,,,,,,,,,,,
25495,19789,2mkp,C,55,E,55,E,55,E,8.7510,8.7510,,0.0000,0.0000,-1.1366,False,117.3030,117.3130,,0.0100,0.0100,-0.6872,False,60.5100,,,,,,,,,,,,,
25495,19789,2mkp,C,56,E,56,E,56,E,7.8130,7.8030,,-0.0100,0.0100,-0.9246,False,121.6270,121.6180,,-0.0090,0.0090,-0.6896,False,59.2000,,,,,,,,,,,,,
25495,19789,2mkp,C,57,L,57,L,57,L,8.1430,8.1490,-0.0300,0.0060,0.0060,-1.0094,False,118.9210,119.0810,-0.0500,0.1600,0.1600,-0.3361,False,57.7740,57.8470,0.0000,0.0730,0.0730,-0.7475,False,,,,,,,
25495,19789,2mkp,C,58,Q,58,Q,58,Q,8.0010,7.9450,,-0.0560,0.0560,0.0503,True,117.9660,117.7770,,-0.1890,0.1890,-0.2682,False,58.2370,,,,,,,,,,,,,
25495,19789,2mkp,C,59,E,59,E,59,E,7.9350,7.8870,,-0.0480,0.0480,-0.1192,True,119.1770,119.0870,,-0.0900,0.0900,-0.5000,False,59.6380,,,,,,,,,,,,,
25495,19789,2mkp,C,60,M,60,M,60,M,7.6400,7.7020,,0.0620,0.0620,0.1775,True,117.6540,117.6180,,-0.0360,0.0360,-0.6264,False,59.4880,,,,,,,,,,,,,
25495,19789,2mkp,C,61,I,61,I,61,I,7.3340,7.3280,-0.0300,-0.0060,0.0060,-1.0094,False,118.1320,118.0200,-0.0500,-0.1120,0.1120,-0.4485,False,64.3910,64.8570,0.0000,0.4660,0.4660,1.7954,True,,,,,,,
25495,19789,2mkp,C,62,D,62,D,62,D,8.7540,8.6830,,-0.0710,0.0710,0.3683,True,119.4800,119.3840,,-0.0960,0.0960,-0.4859,False,57.4240,,,,,,,,,,,,,
25495,19789,2mkp,C,63,E,63,E,63,E,7.5880,7.6120,,0.0240,0.0240,-0.6279,False,116.0320,115.8660,,-0.1660,0.1660,-0.3221,False,58.8180,,,,,,,,,,,,,
25495,19789,2mkp,C,64,V,64,V,64,V,7.2220,7.2090,-0.0300,-0.0130,0.0130,-0.8610,False,107.3860,107.4510,-0.0500,0.0650,0.0650,-0.5585,False,60.5940,61.0510,0.0000,0.4570,0.4570,1.7372,True,,,,,,,
25495,19789,2mkp,C,65,D,65,D,65,D,7.5760,7.5840,,0.0080,0.0080,-0.9670,False,121.9930,121.7450,,-0.2480,0.2480,-0.1301,True,53.4700,,,,,,,,,,,,,
25495,19789,2mkp,C,66,E,66,E,66,E,8.5860,8.6330,,0.0470,0.0470,-0.1404,False,128.2340,128.2270,,-0.0070,0.0070,-0.6943,False,58.4710,,,,,,,,,,,,,
25495,19789,2mkp,C,67,D,67,D,67,D,7.9690,7.9670,,-0.0020,0.0020,-1.0942,False,114.5350,114.5090,,-0.0260,0.0260,-0.6498,False,52.4280,,,,,,,,,,,,,
25495,19789,2mkp,C,68,G,68,G,68,G,7.7660,7.7650,,-0.0010,0.0010,-1.1154,False,108.9610,108.8970,,-0.0640,0.0640,-0.5608,False,47.1780,,,,,,,,,,,,,
25495,19789,2mkp,C,69,S,69,S,69,S,8.4690,8.4520,,-0.0170,0.0170,-0.7763,False,116.6830,116.4800,,-0.2030,0.2030,-0.2354,False,60.2710,,,,,,,,,,,,,
25495,19789,2mkp,C,70,G,70,G,70,G,10.8340,10.8470,,0.0130,0.0130,-0.8610,False,116.5640,116.5250,,-0.0390,0.0390,-0.6194,False,45.6940,,,,,,,,,,,,,
25495,19789,2mkp,C,71,T,71,T,71,T,7.6510,7.6340,-0.0300,-0.0170,0.0170,-0.7763,False,107.5430,107.6380,-0.0500,0.0950,0.0950,-0.4883,False,58.4800,58.3460,0.0000,-0.1340,0.1340,-0.3528,False,,,,,,,
25495,19789,2mkp,C,72,V,72,V,72,V,9.6980,9.7920,,0.0940,0.0940,0.8557,True,126.8900,126.8130,,-0.0770,0.0770,-0.5304,False,61.6910,,,,,,,,,,,,,
25495,19789,2mkp,C,73,D,73,D,73,D,8.8070,8.7460,,-0.0610,0.0610,0.1563,True,129.1200,128.6650,,-0.4550,0.4550,0.3545,True,52.4480,,,,,,,,,,,,,
25495,19789,2mkp,C,74,F,74,F,74,F,8.5110,8.5770,,0.0660,0.0660,0.2623,True,118.1100,118.2670,,0.1570,0.1570,-0.3431,False,61.6530,,,,,,,,,,,,,
25495,19789,2mkp,C,75,D,75,D,75,D,7.6010,7.6540,,0.0530,0.0530,-0.0132,True,117.1450,117.2610,,0.1160,0.1160,-0.4391,False,58.0040,,,,,,,,,,,,,
25495,19789,2mkp,C,76,E,76,E,76,E,8.2350,8.1690,,-0.0660,0.0660,0.2623,True,120.6050,120.3960,,-0.2090,0.2090,-0.2214,False,58.3300,,,,,,,,,,,,,
25495,19789,2mkp,C,77,F,77,F,77,F,8.9830,8.9840,,0.0010,0.0010,-1.1154,False,123.1220,122.8230,,-0.2990,0.2990,-0.0107,True,60.5080,,,,,,,,,,,,,
25495,19789,2mkp,C,78,L,78,L,78,L,7.8420,7.9200,-0.0300,0.0780,0.0780,0.5166,True,118.5370,118.5450,-0.0500,0.0080,0.0080,-0.6919,False,58.1090,58.1150,0.0000,0.0060,0.0060,-1.1811,False,,,,,,,
25495,19789,2mkp,C,79,V,79,V,79,V,6.8340,6.9170,-0.0300,0.0830,0.0830,0.6226,True,117.6500,118.0510,-0.0500,0.4010,0.4010,0.2281,True,66.4350,66.9000,0.0000,0.4650,0.4650,1.7890,True,,,,,,,
25495,19789,2mkp,C,80,M,80,M,80,M,7.9900,7.9520,,-0.0380,0.0380,-0.3312,False,120.1170,119.8530,,-0.2640,0.2640,-0.0926,True,59.5060,,,,,,,,,,,,,
25495,19789,2mkp,C,81,M,81,M,81,M,8.1480,8.1100,,-0.0380,0.0380,-0.3312,False,116.6220,117.4480,,0.8260,0.8260,1.2230,True,56.6570,,,,,,,,,,,,,
25495,19789,2mkp,C,82,V,82,V,82,V,8.0820,8.1530,-0.0300,0.0710,0.0710,0.3683,True,117.6510,117.5770,-0.0500,-0.0740,0.0740,-0.5374,False,66.1770,66.0670,0.0000,-0.1100,0.1100,-0.5081,False,,,,,,,
25495,19789,2mkp,C,83,R,83,R,83,R,8.0860,8.1690,,0.0830,0.0830,0.6226,True,120.2260,120.4950,,0.2690,0.2690,-0.0809,True,59.5900,,,,,,,,,,,,,
25495,19789,2mkp,C,84,C,84,C,84,C,7.7540,7.5070,,-0.2470,0.2470,4.0986,True,115.8920,113.5190,,-2.3730,2.3730,4.8444,True,61.5370,,,,,,,,,,,,,
25495,19789,2mkp,C,85,M,85,M,85,M,,7.6610,,,,,,,120.6180,,,,,,57.7200,,,,,,,,,,,,,
25495,19789,2mkp,C,86,K,86,K,86,K,7.8860,7.7790,,-0.1070,0.1070,1.1313,True,119.9610,120.1470,,0.1860,0.1860,-0.2752,False,56.7280,,,,,,,,,,,,,
25495,19789,2mkp,C,89,S,89,S,89,S,7.9250,7.9130,,-0.0120,0.0120,-0.8822,False,121.3000,121.2430,,-0.0570,0.0570,-0.5772,False,60.3330,,,,,,,,,,,,,
