sequential_position,pdb_residue_number,apo_bmrb,holo_bmrb,holo_pdb,chain,apo_resi,apo_aa,holo_resi,holo_aa,H_apo,N_apo,H_holo,N_holo,dH,dN,csp_A,significant,significant_1sd,significant_2sd,H_offset,N_offset,CA_offset,CA_apo,CA_holo,dH_1d,CSP_H_1d,z_H_1d,dN_1d,CSP_N_1d,z_N_1d,dCA_1d,CSP_CA_1d,z_CA_1d,classification,min_n_distance,min_any_atom_distance,H_holo_original,N_holo_original,chain_id_any_atom,chain_id_distance,chain_id_interaction,chain_id_nn_distance,chain_id_occlusion,charge_pair_count_interaction,charge_partner_residues_interaction,charge_type_interaction,contact_confirmed_occlusion,csp_z,delta_sasa,delta_sasa_occlusion,distance_threshold_any_atom,distance_threshold_distance,distance_threshold_nn_distance,h_sasa_holo_occlusion,h_sasa_receptor_occlusion,has_charge_complement_interaction,has_hbond_interaction,has_pi_contact_interaction,hbond_count_interaction,hbond_partner_residues_interaction,interaction_category_interaction,is_charged_interaction,is_occluded_occlusion,is_proline_occlusion,min_any_atom_distance_any_atom,min_ca_distance_distance,min_nn_distance_nn_distance,n_sasa_holo_occlusion,n_sasa_receptor_occlusion,nearest_ligand_residue_any_atom,nearest_ligand_residue_distance,nearest_ligand_residue_nn_distance,nh_mode_occlusion,note_occlusion,occluded,partner_residues_interaction,passes_filter_any_atom,passes_filter_distance,passes_filter_nn_distance,passes_sub_2A_filter_any_atom,percent_burial_occlusion,percent_drop_occlusion,pi_contact_count_interaction,pi_partner_residues_interaction,probe_radius_occlusion
1.0000,1,6268,16014,2ka4,A,1,A,1,A,,,,,,,,0,,,,,,51.7320,51.7970,,,,,,,0.0650,0.0650,-0.2591,FN,4.1703,1.9610,,,A,A,A,A,A,0,,neutral,,,4.1670,4.1670,6.0000,6.0000,6.0000,0.0000,0.0000,False,True,False,1,786,hbond_only,False,True,False,1.9610,5.5425,4.1703,0.0000,0.0000,786,788,788,sum,,1,786,True,True,True,True,16.6680,0.0000,0,,0.0000
2.0000,2,6268,16014,2ka4,A,2,T,2,T,8.2920,111.3920,,,,,,0,,,,,,61.8100,61.9360,,,,,,,0.1260,0.1260,-0.2212,TN,6.1771,2.3997,,,A,A,A,A,A,0,,neutral,,,0.0000,0.0000,6.0000,6.0000,6.0000,0.0000,0.0000,False,False,False,0,,none,False,False,False,2.3997,6.0652,6.1771,0.0000,0.0000,785,785,786,sum,,0,,True,False,False,False,0.0000,0.0000,0,,0.0000
3.0000,3,6268,16014,2ka4,A,3,G,3,G,8.3400,111.6270,,,,,,0,,,,,,44.5330,44.4240,,,,,,,-0.1090,0.1090,-0.2318,TN,8.8446,5.0854,,,A,A,A,A,A,0,,neutral,,,0.0000,0.0000,6.0000,6.0000,6.0000,0.0000,0.0000,False,False,False,0,,none,False,False,False,5.0854,9.5375,8.8446,0.0000,0.0000,785,785,786,sum,,0,,True,False,False,False,0.0000,0.0000,0,,0.0000
5.0000,5,6268,16014,2ka4,A,5,T,5,T,8.1730,113.2950,8.2440,114.1180,0.0710,0.8230,0.0957,1,0,0,-0.0400,0.1500,0.0000,61.9020,61.9360,0.0710,0.0710,-0.2983,0.8230,0.8230,0.6378,0.0340,0.0340,-0.2784,TP,6.3044,1.8875,8.2840,113.9680,A,A,A,A,A,0,,neutral,,0.1099,3.5687,3.5687,6.0000,6.0000,6.0000,0.0000,0.0000,False,True,False,1,791,hbond_only,False,True,False,1.8875,5.4793,6.3044,0.0000,0.0000,791,791,791,sum,,1,791,True,True,False,True,14.2747,0.0000,0,,0.0000
6.0000,6,6268,16014,2ka4,A,6,A,6,A,8.1690,126.2920,8.2290,126.7690,0.0600,0.4770,0.0635,0,0,0,-0.0400,0.1500,0.0000,52.1920,52.0280,0.0600,0.0600,-0.3939,0.4770,0.4770,0.0079,-0.1640,0.1640,-0.1975,FN,4.7539,2.3326,8.2690,126.6190,A,A,A,A,A,0,,neutral,,-0.3612,2.5006,2.5006,6.0000,6.0000,6.0000,0.0000,0.0000,False,False,False,0,,none,False,True,False,2.3326,5.0647,4.7539,0.0000,0.0000,788,790,791,sum,,1,,True,True,True,False,10.0025,0.0000,0,,0.0000
7.0000,7,6268,16014,2ka4,A,7,D,7,D,8.1650,121.2320,8.4140,120.9160,0.2490,-0.3160,0.1788,1,1,0,-0.0400,0.1500,0.0000,52.6850,52.7190,0.2490,0.2490,1.2492,-0.3160,0.3160,-0.2852,0.0340,0.0340,-0.2784,FP,6.2751,3.4145,8.4540,120.7660,A,A,A,A,A,0,,negative,,1.3254,0.0000,0.0000,6.0000,6.0000,6.0000,0.0000,0.0000,False,False,False,0,,none,True,False,False,3.4145,7.2241,6.2751,0.0000,0.0000,791,788,791,sum,,0,,True,False,False,False,0.0000,0.0000,0,,0.0000
9.0000,9,6268,16014,2ka4,A,9,E,9,E,8.2310,118.3390,8.0730,116.5730,-0.1580,-1.7660,0.2075,1,1,0,-0.0400,0.1500,,58.2460,,-0.1580,0.1580,0.4581,-1.7660,1.7660,2.3545,,,,TP,9.6368,2.4030,8.1130,116.4230,A,A,A,A,A,1,807,negative,,1.7442,0.3026,0.3026,6.0000,6.0000,6.0000,0.0000,0.0000,True,False,False,0,,charge_only,True,True,False,2.4030,8.1702,9.6368,0.0000,0.0000,807,807,788,sum,,1,807,True,False,False,False,1.2105,0.0000,0,,0.0000
10.0000,10,6268,16014,2ka4,A,10,K,10,K,7.8370,120.5600,7.6590,119.4050,-0.1780,-1.1550,0.1700,1,1,0,-0.0400,0.1500,0.0000,58.1510,60.0920,-0.1780,0.1780,0.6320,-1.1550,1.1550,1.2422,1.9410,1.9410,0.9079,TP,8.6873,1.8572,7.6990,119.2550,A,A,A,A,A,0,,positive,,1.1969,13.0816,13.0816,6.0000,6.0000,6.0000,0.0000,0.0000,False,True,False,2,"798,800",hbond_only,True,True,False,1.8572,6.7113,8.6873,0.0000,0.0000,798,800,800,sum,,1,"798,800",True,False,False,True,52.3264,0.0000,0,,0.0000
11.0000,11,6268,16014,2ka4,A,11,R,11,R,8.0890,118.4150,7.8050,117.3280,-0.2840,-1.0870,0.2278,1,1,1,-0.0400,0.1500,0.0000,58.6810,60.0920,-0.2840,0.2840,1.5535,-1.0870,1.0870,1.1184,1.4110,1.4110,0.5782,TP,8.1370,1.7333,7.8450,117.1780,A,A,A,A,A,1,788,positive,,2.0419,9.2174,9.2174,6.0000,6.0000,6.0000,0.0000,0.0000,True,True,False,2,788,hbond_and_charge,True,True,False,1.7333,6.8294,8.1370,0.0000,0.0000,788,791,791,sum,,1,788,True,False,False,True,36.8697,0.0000,0,,0.0000
12.0000,12,6268,16014,2ka4,A,12,K,12,K,7.6790,118.6140,7.8480,117.8950,0.1690,-0.7190,0.1391,1,0,0,-0.0400,0.1500,0.0000,58.5840,59.6310,0.1690,0.1690,0.5537,-0.7190,0.7190,0.4484,1.0470,1.0470,0.3518,TP,9.0207,1.9081,7.8880,117.7450,A,A,A,A,A,0,,positive,,0.7444,6.0696,6.0696,6.0000,6.0000,6.0000,0.0000,0.0000,False,True,False,2,"807,808",hbond_only,True,True,False,1.9081,7.0892,9.0207,0.0000,0.0000,807,807,807,sum,,1,"807,808",True,False,False,True,24.2782,0.0000,0,,0.0000
13.0000,13,6268,16014,2ka4,A,13,L,13,L,7.5420,119.7960,7.6560,119.5940,0.1140,-0.2020,0.0831,0,0,0,-0.0400,0.1500,0.0000,57.9590,58.0190,0.1140,0.1140,0.0755,-0.2020,0.2020,-0.4928,0.0600,0.0600,-0.2622,FN,6.7255,2.1036,7.6960,119.4440,A,A,A,A,A,0,,neutral,,-0.0750,5.7114,5.7114,6.0000,6.0000,6.0000,0.0000,0.0000,False,False,False,0,,none,False,True,False,2.1036,5.7914,6.7255,0.0000,0.0000,807,803,807,sum,,1,,True,True,False,False,22.8456,0.0000,0,,0.0000
14.0000,14,6268,16014,2ka4,A,14,I,14,I,7.9680,120.8470,7.7910,118.4610,-0.1770,-2.3860,0.2673,1,1,1,-0.0400,0.1500,0.0000,64.1500,65.3920,-0.1770,0.1770,0.6233,-2.3860,2.3860,3.4832,1.2420,1.2420,0.4731,TP,7.2535,2.2948,7.8310,118.3110,A,A,A,A,A,0,,neutral,,2.6192,0.6974,0.6974,6.0000,6.0000,6.0000,0.0000,0.0000,False,False,False,0,,none,False,True,False,2.2948,6.8483,7.2535,0.0000,0.0000,791,800,800,sum,,1,,True,False,False,False,2.7897,0.0000,0,,0.0000
15.0000,15,6268,16014,2ka4,A,15,Q,15,Q,8.2100,118.6690,8.1380,116.5730,-0.0720,-2.0960,0.2136,1,1,0,-0.0400,0.1500,0.0000,59.3260,59.6310,-0.0720,0.0720,-0.2896,-2.0960,2.0960,2.9553,0.3050,0.3050,-0.1098,TP,9.2918,2.2379,8.1780,116.4230,A,A,A,A,A,0,,neutral,,1.8345,0.5843,0.5843,6.0000,6.0000,6.0000,0.0000,0.0000,False,False,False,0,,none,False,True,False,2.2379,7.2910,9.2918,0.0000,0.0000,812,812,807,sum,,1,,True,False,False,False,2.3374,0.0000,0,,0.0000
16.0000,16,6268,16014,2ka4,A,16,Q,16,Q,8.1580,116.8490,8.1520,117.3280,-0.0060,0.4790,0.0476,0,0,0,-0.0400,0.1500,0.0000,58.9750,59.1710,-0.0060,0.0060,-0.8634,0.4790,0.4790,0.0115,0.1960,0.1960,-0.1776,FN,7.2764,1.8901,8.1920,117.1780,A,A,A,A,A,0,,neutral,,-0.5933,6.9745,6.9745,6.0000,6.0000,6.0000,0.0000,0.0000,False,True,False,1,807,hbond_only,False,True,False,1.8901,5.9664,7.2764,0.0000,0.0000,807,810,812,sum,,1,807,True,True,False,True,27.8981,0.0000,0,,0.0000
17.0000,17,6268,16014,2ka4,A,17,Q,17,Q,7.9360,120.5780,7.9300,118.4610,-0.0060,-2.1170,0.2096,1,1,0,-0.0400,0.1500,,,60.3230,-0.0060,0.0060,-0.8634,-2.1170,2.1170,2.9935,,,,TP,6.9680,2.2038,7.9700,118.3110,A,A,A,A,A,0,,neutral,,1.7755,2.9043,2.9043,6.0000,6.0000,6.0000,0.0000,0.0000,False,False,True,0,,pi_only,False,True,False,2.2038,6.3029,6.9680,0.0000,0.0000,803,803,806,sum,,1,806,True,False,False,False,11.6174,0.0000,1,806,0.0000
18.0000,18,6268,16014,2ka4,A,18,L,18,L,8.4420,120.5890,8.3680,118.0840,-0.0740,-2.5050,0.2534,1,1,1,-0.0400,0.1500,0.0000,58.3650,58.7100,-0.0740,0.0740,-0.2722,-2.5050,2.5050,3.6999,0.3450,0.3450,-0.0849,FP,9.3977,3.8584,8.4080,117.9340,A,A,A,A,A,0,,neutral,,2.4164,0.0000,0.0000,6.0000,6.0000,6.0000,0.0000,0.0000,False,False,False,0,,none,False,False,False,3.8584,9.0336,9.3977,0.0000,0.0000,795,812,803,sum,,0,,True,False,False,False,0.0000,0.0000,0,,0.0000
19.0000,19,6268,16014,2ka4,A,19,V,19,V,8.1520,117.3530,8.5040,116.5730,0.3520,-0.7800,0.2606,1,1,1,-0.0400,0.1500,0.0000,66.7790,66.5440,0.3520,0.3520,2.1447,-0.7800,0.7800,0.5595,-0.2350,0.2350,-0.1534,TP,7.6466,2.0557,8.5440,116.4230,A,A,A,A,A,0,,neutral,,2.5211,5.4882,5.4882,6.0000,6.0000,6.0000,0.0000,0.0000,False,False,False,0,,none,False,True,False,2.0557,6.1119,7.6466,0.0000,0.0000,812,812,812,sum,,1,,True,False,False,False,21.9530,0.0000,0,,0.0000
20.0000,20,6268,16014,2ka4,A,20,L,20,L,7.5360,120.9050,7.7800,121.1050,0.2440,0.2000,0.1737,1,1,0,-0.0400,0.1500,,,58.0190,0.2440,0.2440,1.2058,0.2000,0.2000,-0.4964,,,,TP,7.4617,2.2298,7.8200,120.9550,A,A,A,A,A,0,,neutral,,1.2499,2.1129,2.1129,6.0000,6.0000,6.0000,0.0000,0.0000,False,False,False,0,,none,False,True,False,2.2298,6.9921,7.4617,0.0000,0.0000,810,810,811,sum,,1,,True,False,False,False,8.4514,0.0000,0,,0.0000
21.0000,21,6268,16014,2ka4,A,21,L,21,L,8.5320,122.0110,8.2380,121.2940,-0.2940,-0.7170,0.2197,1,1,0,-0.0400,0.1500,0.0000,57.5990,58.7100,-0.2940,0.2940,1.6405,-0.7170,0.7170,0.4448,1.1110,1.1110,0.3916,FP,8.8400,2.8063,8.2780,121.1440,A,A,A,A,A,0,,neutral,,1.9226,0.0000,0.0000,6.0000,6.0000,6.0000,0.0000,0.0000,False,False,False,0,,none,False,False,False,2.8063,7.8103,8.8400,0.0000,0.0000,829,829,829,sum,,0,,True,False,False,False,0.0000,0.0000,0,,0.0000
22.0000,22,6268,16014,2ka4,A,22,L,22,L,8.4400,118.3650,8.2910,118.6500,-0.1490,0.2850,0.1091,1,0,0,-0.0400,0.1500,0.0000,57.5800,57.7880,-0.1490,0.1490,0.3798,0.2850,0.2850,-0.3417,0.2080,0.2080,-0.1702,TP,6.5884,2.2024,8.3310,118.5000,A,A,A,A,A,0,,neutral,,0.3054,1.6022,1.6022,6.0000,6.0000,6.0000,0.0000,0.0000,False,False,False,0,,none,False,True,False,2.2024,5.9522,6.5884,0.0000,0.0000,828,828,829,sum,,1,,True,True,False,False,6.4088,0.0000,0,,0.0000
23.0000,23,6268,16014,2ka4,A,23,H,23,H,8.1030,117.9370,8.5800,118.0840,0.4770,0.1470,0.3376,1,1,1,-0.0400,0.1500,,,60.3230,0.4770,0.4770,3.2314,0.1470,0.1470,-0.5929,,,,TP,6.9560,2.1219,8.6200,117.9340,A,A,A,A,A,0,,positive,,3.6469,7.0111,7.0111,6.0000,6.0000,6.0000,0.0000,0.0000,False,False,False,0,,none,True,True,False,2.1219,6.1433,6.9560,0.0000,0.0000,815,815,816,sum,,1,,True,False,False,False,28.0442,0.0000,0,,0.0000
24.0000,24,6268,16014,2ka4,A,24,A,24,A,8.9680,122.0370,9.0090,121.8600,0.0410,-0.1770,0.0339,0,0,0,-0.0400,0.1500,0.0000,55.3030,55.2530,0.0410,0.0410,-0.5591,-0.1770,0.1770,-0.5383,-0.0500,0.0500,-0.2685,TN,8.8187,5.3031,9.0490,121.7100,A,A,A,A,A,0,,neutral,,-0.7941,0.0000,0.0000,6.0000,6.0000,6.0000,0.0000,0.0000,False,False,False,0,,none,False,False,False,5.3031,9.3360,8.8187,0.0000,0.0000,815,828,829,sum,,0,,True,False,False,False,0.0000,0.0000,0,,0.0000
25.0000,25,6268,16014,2ka4,A,25,H,25,H,8.1370,115.9390,7.9150,116.0060,-0.2220,0.0670,0.1571,1,1,0,-0.0400,0.1500,0.0000,59.6710,60.0920,-0.2220,0.2220,1.0145,0.0670,0.0670,-0.7385,0.4210,0.4210,-0.0377,TP,6.7448,2.2968,7.9550,115.8560,A,A,A,A,A,1,830,positive,,1.0079,3.4873,3.4873,6.0000,6.0000,6.0000,0.0000,0.0000,True,False,False,0,,charge_only,True,True,False,2.2968,6.2618,6.7448,0.0000,0.0000,829,828,829,sum,,1,830,True,False,False,False,13.9492,0.0000,0,,0.0000
26.0000,26,6268,16014,2ka4,A,26,K,26,K,7.1420,117.5240,7.0130,117.3280,-0.1290,-0.1960,0.0933,1,0,0,-0.0400,0.1500,,,57.7880,-0.1290,0.1290,0.2060,-0.1960,0.1960,-0.5037,,,,FP,6.9823,3.9596,7.0530,117.1780,A,A,A,A,A,0,,positive,,0.0742,0.0000,0.0000,6.0000,6.0000,6.0000,0.0000,0.0000,False,False,False,0,,none,True,False,False,3.9596,7.1126,6.9823,0.0000,0.0000,817,828,829,sum,,0,,True,False,False,False,0.0000,0.0000,0,,0.0000
27.0000,27,6268,16014,2ka4,A,27,C,27,C,8.4130,124.3180,8.5520,124.1260,0.1390,-0.1920,0.1001,1,0,0,-0.0400,0.1500,0.0000,62.3400,62.3960,0.1390,0.1390,0.2929,-0.1920,0.1920,-0.5110,0.0560,0.0560,-0.2647,TP,9.7900,6.6472,8.5920,123.9760,A,A,A,A,A,0,,neutral,,0.1744,3.8594,3.8594,6.0000,6.0000,6.0000,0.0000,0.0000,False,False,False,0,,none,False,True,False,6.6472,10.5325,9.7900,0.0000,0.0000,815,815,829,sum,,1,,False,False,False,False,15.4378,0.0000,0,,0.0000
28.0000,28,6268,16014,2ka4,A,28,Q,28,Q,8.2980,120.7730,8.3090,119.5940,0.0110,-1.1790,0.1170,1,0,0,-0.0400,0.1500,,,57.3270,0.0110,0.0110,-0.8199,-1.1790,1.1790,1.2859,,,,FP,10.6153,3.7697,8.3490,119.4440,A,A,A,A,A,0,,neutral,,0.4210,0.0000,0.0000,6.0000,6.0000,6.0000,0.0000,0.0000,False,False,False,0,,none,False,False,False,3.7697,11.1466,10.6153,0.0000,0.0000,833,828,829,sum,,0,,True,False,False,False,0.0000,0.0000,0,,0.0000
29.0000,29,6268,16014,2ka4,A,29,R,29,R,7.6830,119.7370,7.5950,119.5940,-0.0880,-0.1430,0.0638,0,0,0,-0.0400,0.1500,0.0000,57.6040,57.5580,-0.0880,0.0880,-0.1505,-0.1430,0.1430,-0.6002,-0.0460,0.0460,-0.2709,TN,10.6880,4.2609,7.6350,119.4440,A,A,A,A,A,0,,positive,,-0.3563,0.0000,0.0000,6.0000,6.0000,6.0000,0.0000,0.0000,False,False,False,0,,none,True,False,False,4.2609,10.7059,10.6880,0.0000,0.0000,833,828,829,sum,,0,,True,False,False,False,0.0000,0.0000,0,,0.0000
30.0000,30,6268,16014,2ka4,A,30,R,30,R,8.0200,120.8760,7.9780,120.5380,-0.0420,-0.3380,0.0447,0,0,0,-0.0400,0.1500,0.0000,57.1830,57.5580,-0.0420,0.0420,-0.5504,-0.3380,0.3380,-0.2452,0.3750,0.3750,-0.0663,FN,12.1163,7.1194,8.0180,120.3880,A,A,A,A,A,0,,positive,,-0.6352,0.6220,0.6220,6.0000,6.0000,6.0000,0.0000,0.0000,False,False,False,0,,none,True,True,False,7.1194,12.6883,12.1163,0.0000,0.0000,815,817,828,sum,,1,,False,False,False,False,2.4881,0.0000,0,,0.0000
31.0000,31,6268,16014,2ka4,A,31,E,31,E,8.2290,120.7510,8.1680,120.5380,-0.0610,-0.2130,0.0480,0,0,0,-0.0400,0.1500,0.0000,57.5760,57.7880,-0.0610,0.0610,-0.3852,-0.2130,0.2130,-0.4727,0.2120,0.2120,-0.1677,TN,14.8716,9.6683,8.2080,120.3880,A,A,A,A,A,0,,negative,,-0.5874,0.0000,0.0000,6.0000,6.0000,6.0000,0.0000,0.0000,False,False,False,0,,none,True,False,False,9.6683,15.7416,14.8716,0.0000,0.0000,833,828,828,sum,,0,,False,False,False,False,0.0000,0.0000,0,,0.0000
32.0000,32,6268,16014,2ka4,A,32,Q,32,Q,8.1630,119.3430,8.1250,119.0280,-0.0380,-0.3150,0.0412,0,0,0,-0.0400,0.1500,,,56.6360,-0.0380,0.0380,-0.5852,-0.3150,0.3150,-0.2871,,,,TN,15.8558,9.0372,8.1650,118.8780,A,A,A,A,A,0,,neutral,,-0.6875,0.0000,0.0000,6.0000,6.0000,6.0000,0.0000,0.0000,False,False,False,0,,none,False,False,False,9.0372,16.0465,15.8558,0.0000,0.0000,833,828,828,sum,,0,,False,False,False,False,0.0000,0.0000,0,,0.0000
33.0000,33,6268,16014,2ka4,A,33,A,33,A,8.1040,123.2070,8.0550,123.1820,-0.0490,-0.0250,0.0347,0,0,0,-0.0400,0.1500,0.0000,53.1860,53.1800,-0.0490,0.0490,-0.4896,-0.0250,0.0250,-0.8150,-0.0060,0.0060,-0.2958,TN,15.4418,10.9128,8.0950,123.0320,A,A,A,A,A,0,,neutral,,-0.7815,0.0000,0.0000,6.0000,6.0000,6.0000,0.0000,0.0000,False,False,False,0,,none,False,False,False,10.9128,15.0623,15.4418,0.0000,0.0000,833,827,828,sum,,0,,False,False,False,False,0.0000,0.0000,0,,0.0000
34.0000,34,6268,16014,2ka4,A,34,N,34,N,8.1700,115.7480,8.1460,115.6290,-0.0240,-0.1190,0.0207,0,0,0,-0.0400,0.1500,0.0000,53.1900,53.4100,-0.0240,0.0240,-0.7069,-0.1190,0.1190,-0.6439,0.2200,0.2200,-0.1627,TN,16.8290,13.3606,8.1860,115.4790,A,A,A,A,A,0,,neutral,,-0.9873,0.0000,0.0000,6.0000,6.0000,6.0000,0.0000,0.0000,False,False,False,0,,none,False,False,False,13.3606,16.8762,16.8290,0.0000,0.0000,833,817,817,sum,,0,,False,False,False,False,0.0000,0.0000,0,,0.0000
35.0000,35,6268,16014,2ka4,A,35,G,35,G,8.2430,108.7780,8.2260,108.6420,-0.0170,-0.1360,0.0180,0,0,0,-0.0400,0.1500,0.0000,45.5120,45.5760,-0.0170,0.0170,-0.7678,-0.1360,0.1360,-0.6129,0.0640,0.0640,-0.2597,TN,19.4499,14.3764,8.2660,108.4920,A,A,A,A,A,0,,neutral,,-1.0255,0.0000,0.0000,6.0000,6.0000,6.0000,0.0000,0.0000,False,False,False,0,,none,False,False,False,14.3764,20.2952,19.4499,0.0000,0.0000,833,817,817,sum,,0,,False,False,False,False,0.0000,0.0000,0,,0.0000
36.0000,36,6268,16014,2ka4,A,36,E,36,E,8.0760,120.1960,8.0920,119.9720,0.0160,-0.2240,0.0249,0,0,0,-0.0400,0.1500,0.0000,56.2550,55.9450,0.0160,0.0160,-0.7765,-0.2240,0.2240,-0.4527,-0.3100,0.3100,-0.1067,TN,21.4098,17.0822,8.1320,119.8220,A,A,A,A,A,0,,negative,,-0.9254,0.0000,0.0000,6.0000,6.0000,6.0000,0.0000,0.0000,False,False,False,0,,none,True,False,False,17.0822,21.8353,21.4098,0.0000,0.0000,833,817,817,sum,,0,,False,False,False,False,0.0000,0.0000,0,,0.0000
37.0000,37,6268,16014,2ka4,A,37,V,37,V,8.1360,121.6730,8.0920,121.2940,-0.0440,-0.3790,0.0487,0,0,0,-0.0400,0.1500,0.0000,62.2990,62.1660,-0.0440,0.0440,-0.5330,-0.3790,0.3790,-0.1705,-0.1330,0.1330,-0.2168,TN,20.7658,14.7378,8.1320,121.1440,A,A,A,A,A,0,,neutral,,-0.5767,0.0000,0.0000,6.0000,6.0000,6.0000,0.0000,0.0000,False,False,False,0,,none,False,False,False,14.7378,19.3298,20.7658,0.0000,0.0000,833,815,817,sum,,0,,False,False,False,False,0.0000,0.0000,0,,0.0000
38.0000,38,6268,16014,2ka4,A,38,R,38,R,8.4480,125.4880,8.4150,125.2590,-0.0330,-0.2290,0.0325,0,0,0,-0.0400,0.1500,0.0000,55.3620,55.2530,-0.0330,0.0330,-0.6287,-0.2290,0.2290,-0.4436,-0.1090,0.1090,-0.2318,TN,19.2792,13.5205,8.4550,125.1090,A,A,A,A,A,0,,positive,,-0.8137,0.0000,0.0000,6.0000,6.0000,6.0000,0.0000,0.0000,False,False,False,0,,none,True,False,False,13.5205,17.4747,19.2792,0.0000,0.0000,815,815,815,sum,,0,,False,False,False,False,0.0000,0.0000,0,,0.0000
39.0000,39,6268,16014,2ka4,A,39,A,39,A,8.3700,126.1390,8.3440,126.2030,-0.0260,0.0640,0.0194,0,0,0,-0.0400,0.1500,0.0000,52.1200,52.0280,-0.0260,0.0260,-0.6895,0.0640,0.0640,-0.7440,-0.0920,0.0920,-0.2423,TN,17.3725,11.5597,8.3840,126.0530,A,A,A,A,A,0,,neutral,,-1.0051,0.0000,0.0000,6.0000,6.0000,6.0000,0.0000,0.0000,False,False,False,0,,none,False,False,False,11.5597,15.7033,17.3725,0.0000,0.0000,815,815,815,sum,,0,,False,False,False,False,0.0000,0.0000,0,,0.0000
40.0000,40,6268,16014,2ka4,A,40,C,40,C,8.4570,123.9830,8.4400,123.9370,-0.0170,-0.0460,0.0129,0,0,0,-0.0400,0.1500,0.0000,60.0600,60.0920,-0.0170,0.0170,-0.7678,-0.0460,0.0460,-0.7768,0.0320,0.0320,-0.2797,FN,14.4322,7.2662,8.4800,123.7870,A,A,A,A,A,0,,neutral,,-1.1015,4.0291,4.0291,6.0000,6.0000,6.0000,0.0000,0.0000,False,False,False,0,,none,False,True,False,7.2662,12.1676,14.4322,0.0000,0.0000,815,815,815,sum,,1,,False,False,False,False,16.1164,0.0000,0,,0.0000
41.0000,41,6268,16014,2ka4,A,41,S,41,S,8.7340,123.9670,,,,,,0,,,,,,57.7640,57.7880,,,,,,,0.0240,0.0240,-0.2846,TN,11.4429,6.7779,,,A,A,A,A,A,0,,neutral,,,0.0000,0.0000,6.0000,6.0000,6.0000,0.0000,0.0000,False,False,False,0,,none,False,False,False,6.7779,10.4518,11.4429,0.0000,0.0000,809,810,811,sum,,0,,False,False,False,False,0.0000,0.0000,0,,0.0000
42.0000,42,6268,16014,2ka4,A,42,L,42,L,8.6670,130.1370,8.6020,129.2240,-0.0650,-0.9130,0.1014,1,0,0,-0.0400,0.1500,0.0000,54.0560,53.8710,-0.0650,0.0650,-0.3505,-0.9130,0.9130,0.8016,-0.1850,0.1850,-0.1845,TP,8.7843,2.2449,8.6420,129.0740,A,A,A,A,A,0,,neutral,,0.1932,1.7153,1.7153,6.0000,6.0000,6.0000,0.0000,0.0000,False,False,False,0,,none,False,True,False,2.2449,7.2947,8.7843,0.0000,0.0000,815,810,810,sum,,1,,True,False,False,False,6.8613,0.0000,0,,0.0000
44.0000,44,6268,16014,2ka4,A,44,H,44,H,8.3450,112.9460,7.9740,110.7190,-0.3710,-2.2270,0.3427,1,1,1,-0.0400,0.1500,,,58.2490,-0.3710,0.3710,2.3099,-2.2270,2.2270,3.1938,,,,TP,7.5579,2.2566,8.0140,110.5690,A,A,A,A,A,0,,positive,,3.7210,3.3920,3.3920,6.0000,6.0000,6.0000,0.0000,0.0000,False,True,False,1,809,hbond_only,True,True,False,2.2566,7.4365,7.5579,0.0000,0.0000,809,806,810,sum,,1,809,True,False,False,False,13.5681,0.0000,0,,0.0000
45.0000,45,6268,16014,2ka4,A,45,C,45,C,7.5650,123.9800,7.6890,124.3150,0.1240,0.3350,0.0937,1,0,0,-0.0400,0.1500,0.0000,64.2980,64.4700,0.1240,0.1240,0.1625,0.3350,0.3350,-0.2506,0.1720,0.1720,-0.1926,TP,9.4016,6.3227,7.7290,124.1650,A,A,A,A,A,0,,neutral,,0.0813,4.2412,4.2412,6.0000,6.0000,6.0000,0.0000,0.0000,False,False,False,0,,none,False,True,False,6.3227,10.0583,9.4016,0.0000,0.0000,806,810,810,sum,,1,,False,False,False,False,16.9646,0.0000,0,,0.0000
46.0000,46,6268,16014,2ka4,A,46,R,46,R,8.2850,117.2100,8.1990,116.7620,-0.0860,-0.4480,0.0753,0,0,0,-0.0400,0.1500,0.0000,59.5580,59.4010,-0.0860,0.0860,-0.1679,-0.4480,0.4480,-0.0449,-0.1570,0.1570,-0.2019,TN,11.9474,4.7515,8.2390,116.6120,A,A,A,A,A,0,,positive,,-0.1889,0.0000,0.0000,6.0000,6.0000,6.0000,0.0000,0.0000,False,False,False,0,,none,True,False,False,4.7515,12.5780,11.9474,0.0000,0.0000,805,806,806,sum,,0,,True,False,False,False,0.0000,0.0000,0,,0.0000
47.0000,47,6268,16014,2ka4,A,47,T,47,T,7.7320,114.4080,7.4560,114.4960,-0.2760,0.0880,0.1954,1,1,0,-0.0400,0.1500,0.0000,66.1090,65.8530,-0.2760,0.2760,1.4840,0.0880,0.0880,-0.7003,-0.2560,0.2560,-0.1403,FP,10.7304,2.5027,7.4960,114.3460,A,A,A,A,A,0,,neutral,,1.5670,0.0000,0.0000,6.0000,6.0000,6.0000,0.0000,0.0000,False,False,False,0,,none,False,False,False,2.5027,10.3054,10.7304,0.0000,0.0000,805,806,806,sum,,0,,True,False,False,False,0.0000,0.0000,0,,0.0000
48.0000,48,6268,16014,2ka4,A,48,M,48,M,8.1250,120.3700,8.1760,119.5940,0.0510,-0.7760,0.0849,0,0,0,-0.0400,0.1500,0.0000,56.5300,56.6360,0.0510,0.0510,-0.4722,-0.7760,0.7760,0.5522,0.1060,0.1060,-0.2336,FN,10.2734,2.1847,8.2160,119.4440,A,A,A,A,A,0,,neutral,,-0.0486,1.2072,1.2072,6.0000,6.0000,6.0000,0.0000,0.0000,False,False,False,0,,none,False,True,False,2.1847,10.6341,10.2734,0.0000,0.0000,806,806,806,sum,,1,,True,False,False,False,4.8286,0.0000,0,,0.0000
49.0000,49,6268,16014,2ka4,A,49,K,49,K,9.2280,122.1540,9.2660,122.4260,0.0380,0.2720,0.0380,0,0,0,-0.0400,0.1500,0.0000,61.1170,61.2440,0.0380,0.0380,-0.5852,0.2720,0.2720,-0.3653,0.1270,0.1270,-0.2206,TN,11.7004,5.9079,9.3060,122.2760,A,A,A,A,A,0,,positive,,-0.7332,0.0000,0.0000,6.0000,6.0000,6.0000,0.0000,0.0000,False,False,False,0,,none,True,False,False,5.9079,11.3727,11.7004,0.0000,0.0000,833,829,829,sum,,0,,True,False,False,False,0.0000,0.0000,0,,0.0000
50.0000,50,6268,16014,2ka4,A,50,N,50,N,7.9250,117.6190,8.0290,117.3280,0.1040,-0.2910,0.0790,0,0,0,-0.0400,0.1500,0.0000,56.0880,56.1750,0.1040,0.1040,-0.0114,-0.2910,0.2910,-0.3307,0.0870,0.0870,-0.2454,TN,12.8243,7.4636,8.0690,117.1780,A,A,A,A,A,0,,neutral,,-0.1346,0.0000,0.0000,6.0000,6.0000,6.0000,0.0000,0.0000,False,False,False,0,,none,False,False,False,7.4636,12.5094,12.8243,0.0000,0.0000,833,834,834,sum,,0,,False,False,False,False,0.0000,0.0000,0,,0.0000
51.0000,51,6268,16014,2ka4,A,51,V,51,V,8.0470,123.9970,8.0760,123.7480,0.0290,-0.2490,0.0321,0,0,0,-0.0400,0.1500,0.0000,67.1110,67.2350,0.0290,0.0290,-0.6634,-0.2490,0.2490,-0.4072,0.1240,0.1240,-0.2224,TN,11.3741,4.6920,8.1160,123.5980,A,A,A,A,A,0,,neutral,,-0.8206,0.0000,0.0000,6.0000,6.0000,6.0000,0.0000,0.0000,False,False,False,0,,none,False,False,False,4.6920,9.7965,11.3741,0.0000,0.0000,806,834,834,sum,,0,,True,False,False,False,0.0000,0.0000,0,,0.0000
52.0000,52,6268,16014,2ka4,A,52,L,52,L,8.5900,121.0880,8.6950,121.1050,0.1050,0.0170,0.0743,0,0,0,-0.0400,0.1500,0.0000,58.6840,58.4790,0.1050,0.1050,-0.0027,0.0170,0.0170,-0.8296,-0.2050,0.2050,-0.1720,FN,8.7415,2.1243,8.7350,120.9550,A,A,A,A,A,0,,neutral,,-0.2035,1.1121,1.1121,6.0000,6.0000,6.0000,0.0000,0.0000,False,False,False,0,,none,False,True,False,2.1243,7.3916,8.7415,0.0000,0.0000,833,834,834,sum,,1,,True,False,False,False,4.4485,0.0000,0,,0.0000
53.0000,53,6268,16014,2ka4,A,53,N,53,N,8.2000,117.2620,8.1910,116.9510,-0.0090,-0.3110,0.0314,0,0,0,-0.0400,0.1500,0.0000,56.0850,56.1750,-0.0090,0.0090,-0.8373,-0.3110,0.3110,-0.2943,0.0900,0.0900,-0.2436,TN,8.4887,4.0865,8.2310,116.8010,A,A,A,A,A,0,,neutral,,-0.8297,0.0000,0.0000,6.0000,6.0000,6.0000,0.0000,0.0000,False,False,False,0,,none,False,False,False,4.0865,8.3199,8.4887,0.0000,0.0000,833,833,834,sum,,0,,True,False,False,False,0.0000,0.0000,0,,0.0000
54.0000,54,6268,16014,2ka4,A,54,H,54,H,8.0370,120.4100,8.0090,120.1610,-0.0280,-0.2490,0.0316,0,0,0,-0.0400,0.1500,0.0000,59.4060,59.4010,-0.0280,0.0280,-0.6721,-0.2490,0.2490,-0.4072,-0.0050,0.0050,-0.2964,FN,8.7599,5.5363,8.0490,120.0110,A,A,A,A,A,0,,positive,,-0.8271,3.9940,3.9940,6.0000,6.0000,6.0000,0.0000,0.0000,False,False,False,0,,none,True,True,False,5.5363,8.5203,8.7599,0.0000,0.0000,835,835,835,sum,,1,,True,False,False,False,15.9760,0.0000,0,,0.0000
55.0000,55,6268,16014,2ka4,A,55,M,55,M,9.0100,119.3540,9.0780,119.2160,0.0680,-0.1380,0.0500,0,0,0,-0.0400,0.1500,0.0000,59.3850,59.4010,0.0680,0.0680,-0.3244,-0.1380,0.1380,-0.6093,0.0160,0.0160,-0.2896,FN,6.4212,2.2674,9.1180,119.0660,A,A,A,A,A,0,,neutral,,-0.5585,1.9761,1.9761,6.0000,6.0000,6.0000,0.0000,0.0000,False,False,False,0,,none,False,True,False,2.2674,4.9347,6.4212,0.0000,0.0000,834,834,835,sum,,1,,True,True,False,False,7.9044,0.0000,0,,0.0000
56.0000,56,6268,16014,2ka4,A,56,T,56,T,7.5230,110.5050,7.4810,110.9080,-0.0420,0.4030,0.0497,0,0,0,-0.0400,0.1500,0.0000,65.2010,65.3920,-0.0420,0.0420,-0.5504,0.4030,0.4030,-0.1268,0.1910,0.1910,-0.1807,FN,4.7317,2.1200,7.5210,110.7580,A,A,A,A,A,0,,neutral,,-0.5622,4.0165,4.0165,6.0000,6.0000,6.0000,0.0000,0.0000,False,False,False,0,,none,False,True,False,2.1200,4.7164,4.7317,0.0000,0.0000,833,835,835,sum,,1,,True,True,True,False,16.0658,0.0000,0,,0.0000
57.0000,57,6268,16014,2ka4,A,57,H,57,H,7.0540,115.5460,6.9830,115.8180,-0.0710,0.2720,0.0570,0,0,0,-0.0400,0.1500,0.0000,54.7450,55.0230,-0.0710,0.0710,-0.2983,0.2720,0.2720,-0.3653,0.2780,0.2780,-0.1266,FN,4.2823,2.7929,7.0230,115.6680,A,A,A,A,A,0,,positive,,-0.4564,0.0000,0.0000,6.0000,6.0000,6.0000,0.0000,0.0000,False,False,False,0,,none,True,False,False,2.7929,4.3763,4.2823,0.0000,0.0000,836,836,836,sum,,0,,True,True,True,False,0.0000,0.0000,0,,0.0000
58.0000,58,6268,16014,2ka4,A,58,C,58,C,7.0660,123.9080,7.0940,123.7480,0.0280,-0.1600,0.0254,0,0,0,-0.0400,0.1500,0.0000,60.6980,60.7840,0.0280,0.0280,-0.6721,-0.1600,0.1600,-0.5692,0.0860,0.0860,-0.2461,FN,4.7676,1.9735,7.1340,123.5980,A,A,A,A,A,0,,neutral,,-0.9187,8.3177,8.3177,6.0000,6.0000,6.0000,0.0000,0.0000,False,True,False,1,835,hbond_only,False,True,False,1.9735,5.2162,4.7676,0.0000,0.0000,835,835,836,sum,,1,835,True,True,True,True,33.2708,0.0000,0,,0.0000
59.0000,59,6268,16014,2ka4,A,59,Q,59,Q,9.0890,128.8500,,,,,,0,,,,,,54.9560,55.0230,,,,,,,0.0670,0.0670,-0.2579,FN,5.8344,2.1788,,,A,A,A,A,A,0,,neutral,,,0.8671,0.8671,6.0000,6.0000,6.0000,0.0000,0.0000,False,False,False,0,,none,False,True,False,2.1788,5.7036,5.8344,0.0000,0.0000,836,835,836,sum,,1,,True,True,True,False,3.4683,0.0000,0,,0.0000
60.0000,60,6268,16014,2ka4,A,60,A,60,A,8.6270,125.0760,8.6490,124.8810,0.0220,-0.1950,0.0248,0,0,0,-0.0400,0.1500,0.0000,53.1110,52.9490,0.0220,0.0220,-0.7243,-0.1950,0.1950,-0.5055,-0.1620,0.1620,-0.1988,TN,8.2156,5.3503,8.6890,124.7310,A,A,A,A,A,0,,neutral,,-0.9269,0.0000,0.0000,6.0000,6.0000,6.0000,0.0000,0.0000,False,False,False,0,,none,False,False,False,5.3503,8.7393,8.2156,0.0000,0.0000,835,835,835,sum,,0,,True,False,False,False,0.0000,0.0000,0,,0.0000
61.0000,61,6268,16014,2ka4,A,61,G,61,G,8.1290,108.3180,8.1260,108.0760,-0.0030,-0.2420,0.0241,0,0,0,-0.0400,0.1500,0.0000,46.0640,46.2670,-0.0030,0.0030,-0.8895,-0.2420,0.2420,-0.4200,0.2030,0.2030,-0.1733,TN,8.2962,5.3282,8.1660,107.9260,A,A,A,A,A,0,,neutral,,-0.9377,0.0000,0.0000,6.0000,6.0000,6.0000,0.0000,0.0000,False,False,False,0,,none,False,False,False,5.3282,8.3373,8.2962,0.0000,0.0000,835,835,835,sum,,0,,True,False,False,False,0.0000,0.0000,0,,0.0000
62.0000,62,6268,16014,2ka4,A,62,K,62,K,8.9270,125.7010,,,,,,0,,,,,,58.2170,58.4790,,,,,,,0.2620,0.2620,-0.1366,FN,10.4310,1.9649,,,A,A,A,A,A,0,,positive,,,3.5060,3.5060,6.0000,6.0000,6.0000,0.0000,0.0000,False,True,False,1,797,hbond_only,True,True,False,1.9649,9.3927,10.4310,0.0000,0.0000,797,798,835,sum,,1,797,True,False,False,True,14.0241,0.0000,0,,0.0000
63.0000,63,6268,16014,2ka4,A,63,A,63,A,7.6150,119.5490,7.6310,119.5940,0.0160,0.0450,0.0122,0,0,0,-0.0400,0.1500,0.0000,51.4580,51.3360,0.0160,0.0160,-0.7765,0.0450,0.0450,-0.7786,-0.1220,0.1220,-0.2237,TN,10.7370,8.8241,7.6710,119.4440,A,A,A,A,A,0,,neutral,,-1.1116,0.0000,0.0000,6.0000,6.0000,6.0000,0.0000,0.0000,False,False,False,0,,none,False,False,False,8.8241,11.4215,10.7370,0.0000,0.0000,797,798,799,sum,,0,,False,False,False,False,0.0000,0.0000,0,,0.0000
64.0000,64,6268,16014,2ka4,A,64,C,64,C,7.4400,122.1380,7.4570,122.0490,0.0170,-0.0890,0.0149,0,0,0,-0.0400,0.1500,0.0000,62.2220,62.3960,0.0170,0.0170,-0.7678,-0.0890,0.0890,-0.6985,0.1740,0.1740,-0.1913,FN,11.4627,7.5636,7.4970,121.8990,A,A,A,A,A,0,,neutral,,-1.0715,4.4108,4.4108,6.0000,6.0000,6.0000,0.0000,0.0000,False,False,False,0,,none,False,True,False,7.5636,11.4790,11.4627,0.0000,0.0000,834,835,799,sum,,1,,False,False,False,False,17.6432,0.0000,0,,0.0000
65.0000,65,6268,16014,2ka4,A,65,Q,65,Q,8.9750,128.8790,8.9850,129.0350,0.0100,0.1560,0.0170,0,0,0,-0.0400,0.1500,0.0000,55.5350,55.6730,0.0100,0.0100,-0.8286,0.1560,0.1560,-0.5765,0.1380,0.1380,-0.2137,TN,12.9744,8.1521,9.0250,128.8850,A,A,A,A,A,0,,neutral,,-1.0411,0.0000,0.0000,6.0000,6.0000,6.0000,0.0000,0.0000,False,False,False,0,,none,False,False,False,8.1521,12.4972,12.9744,0.0000,0.0000,802,802,799,sum,,0,,False,False,False,False,0.0000,0.0000,0,,0.0000
66.0000,66,6268,16014,2ka4,A,66,V,66,V,9.2520,127.9350,9.2970,127.9020,0.0450,-0.0330,0.0320,0,0,0,-0.0400,0.1500,0.0000,64.2190,64.2400,0.0450,0.0450,-0.5243,-0.0330,0.0330,-0.8004,0.0210,0.0210,-0.2865,TN,11.7311,6.6749,9.3370,127.7520,A,A,A,A,A,0,,neutral,,-0.8217,0.0000,0.0000,6.0000,6.0000,6.0000,0.0000,0.0000,False,False,False,0,,none,False,False,False,6.6749,10.1925,11.7311,0.0000,0.0000,802,802,802,sum,,0,,False,False,False,False,0.0000,0.0000,0,,0.0000
67.0000,67,6268,16014,2ka4,A,67,A,67,A,8.5870,134.2320,8.5410,134.1330,-0.0460,-0.0990,0.0340,0,0,0,-0.0400,0.1500,0.0000,54.0740,54.1010,-0.0460,0.0460,-0.5156,-0.0990,0.0990,-0.6803,0.0270,0.0270,-0.2828,TN,8.4506,2.5265,8.5810,133.9830,A,A,A,A,A,0,,neutral,,-0.7927,0.0000,0.0000,6.0000,6.0000,6.0000,0.0000,0.0000,False,False,False,0,,none,False,False,False,2.5265,6.6624,8.4506,0.0000,0.0000,802,802,802,sum,,0,,True,False,False,False,0.0000,0.0000,0,,0.0000
68.0000,68,6268,16014,2ka4,A,68,H,68,H,8.1770,110.6930,8.0590,110.7190,-0.1180,0.0260,0.0835,0,0,0,-0.0400,0.1500,0.0000,57.6020,57.3270,-0.1180,0.1180,0.1103,0.0260,0.0260,-0.8132,-0.2750,0.2750,-0.1285,FN,7.3956,2.4789,8.0990,110.5690,A,A,A,A,A,0,,positive,,-0.0688,2.1699,2.1699,6.0000,6.0000,6.0000,0.0000,0.0000,False,False,False,0,,none,True,True,False,2.4789,6.8725,7.3956,0.0000,0.0000,802,802,802,sum,,1,,True,False,False,False,8.6797,0.0000,0,,0.0000
69.0000,69,6268,16014,2ka4,A,69,C,69,C,7.9770,126.5160,8.0460,126.7690,0.0690,0.2530,0.0548,0,0,0,-0.0400,0.1500,0.0000,64.3010,64.2400,0.0690,0.0690,-0.3157,0.2530,0.2530,-0.3999,-0.0610,0.0610,-0.2616,FN,9.6784,5.5984,8.0860,126.6190,A,A,A,A,A,0,,neutral,,-0.4875,4.4532,4.4532,6.0000,6.0000,6.0000,0.0000,0.0000,False,False,False,0,,none,False,True,False,5.5984,8.3004,9.6784,0.0000,0.0000,834,834,803,sum,,1,,True,False,False,False,17.8129,0.0000,0,,0.0000
70.0000,70,6268,16014,2ka4,A,70,A,70,A,8.6570,118.9410,8.6880,118.8390,0.0310,-0.1020,0.0241,0,0,0,-0.0400,0.1500,0.0000,55.4810,55.2530,0.0310,0.0310,-0.6460,-0.1020,0.1020,-0.6748,-0.2280,0.2280,-0.1577,TN,9.4340,4.0407,8.7280,118.6890,A,A,A,A,A,0,,neutral,,-0.9365,0.0000,0.0000,6.0000,6.0000,6.0000,0.0000,0.0000,False,False,False,0,,none,False,False,False,4.0407,8.7267,9.4340,0.0000,0.0000,798,798,799,sum,,0,,True,False,False,False,0.0000,0.0000,0,,0.0000
71.0000,71,6268,16014,2ka4,A,71,S,71,S,8.8710,114.1210,9.1390,114.6850,0.2680,0.5640,0.1976,1,1,0,-0.0400,0.1500,0.0000,60.5420,60.3230,0.2680,0.2680,1.4144,0.5640,0.5640,0.1663,-0.2190,0.2190,-0.1633,TP,6.9499,2.1178,9.1790,114.5350,A,A,A,A,A,0,,neutral,,1.5992,1.6702,1.6702,6.0000,6.0000,6.0000,0.0000,0.0000,False,False,False,0,,none,False,True,False,2.1178,5.8152,6.9499,0.0000,0.0000,798,798,799,sum,,1,,True,True,False,False,6.6806,0.0000,0,,0.0000
72.0000,72,6268,16014,2ka4,A,72,S,72,S,7.7660,120.0390,7.8970,120.9160,0.1310,0.8770,0.1270,1,0,0,-0.0400,0.1500,0.0000,62.6120,64.2400,0.1310,0.1310,0.2233,0.8770,0.8770,0.7361,1.6280,1.6280,0.7132,FP,8.4116,4.7020,7.9370,120.7660,A,A,A,A,A,0,,neutral,,0.5669,0.0000,0.0000,6.0000,6.0000,6.0000,0.0000,0.0000,False,False,False,0,,none,False,False,False,4.7020,8.2918,8.4116,0.0000,0.0000,798,834,799,sum,,0,,True,False,False,False,0.0000,0.0000,0,,0.0000
73.0000,73,6268,16014,2ka4,A,73,R,73,R,8.7670,122.8340,8.7950,122.4260,0.0280,-0.4080,0.0450,0,0,0,-0.0400,0.1500,0.0000,60.1570,60.3230,0.0280,0.0280,-0.6721,-0.4080,0.4080,-0.1177,0.1660,0.1660,-0.1963,FN,7.6228,2.0032,8.8350,122.2760,A,A,A,A,A,0,,positive,,-0.6317,5.0517,5.0517,6.0000,6.0000,6.0000,0.0000,0.0000,False,True,False,1,834,hbond_only,True,True,False,2.0032,5.6641,7.6228,0.0000,0.0000,834,834,834,sum,,1,834,True,True,False,False,20.2067,0.0000,0,,0.0000
74.0000,74,6268,16014,2ka4,A,74,Q,74,Q,7.7630,118.5190,7.8330,118.8390,0.0700,0.3200,0.0588,0,0,0,-0.0400,0.1500,0.0000,58.9130,58.7100,0.0700,0.0700,-0.3070,0.3200,0.3200,-0.2780,-0.2030,0.2030,-0.1733,FN,8.9226,1.9236,7.8730,118.6890,A,A,A,A,A,0,,neutral,,-0.4301,4.9829,4.9829,6.0000,6.0000,6.0000,0.0000,0.0000,False,False,False,0,,none,False,True,False,1.9236,7.6041,8.9226,0.0000,0.0000,795,795,798,sum,,1,,True,False,False,True,19.9314,0.0000,0,,0.0000
75.0000,75,6268,16014,2ka4,A,75,I,75,I,8.0400,121.5370,8.7140,121.8600,0.6740,0.3230,0.4777,1,1,1,-0.0400,0.1500,0.0000,64.1500,66.5440,0.6740,0.6740,4.9441,0.3230,0.3230,-0.2725,2.3940,2.3940,1.1897,TP,7.3764,2.3073,8.7540,121.7100,A,A,A,A,A,0,,neutral,,5.6948,0.3393,0.3393,6.0000,6.0000,6.0000,0.0000,0.0000,False,False,False,0,,none,False,True,False,2.3073,6.6345,7.3764,0.0000,0.0000,795,795,795,sum,,1,,True,False,False,False,1.3572,0.0000,0,,0.0000
76.0000,76,6268,16014,2ka4,A,76,I,76,I,8.5910,120.9110,8.8160,120.3490,0.2250,-0.5620,0.1685,1,1,0,-0.0400,0.1500,0.0000,64.1560,64.7010,0.2250,0.2250,1.0406,-0.5620,0.5620,0.1626,0.5450,0.5450,0.0395,TP,8.4952,2.1992,8.8560,120.1990,A,A,A,A,A,0,,neutral,,1.1750,1.6224,1.6224,6.0000,6.0000,6.0000,0.0000,0.0000,False,False,False,0,,none,False,True,False,2.1992,6.8066,8.4952,0.0000,0.0000,829,829,829,sum,,1,,True,False,False,False,6.4895,0.0000,0,,0.0000
77.0000,77,6268,16014,2ka4,A,77,S,77,S,8.0140,114.0940,7.9410,114.4960,-0.0730,0.4020,0.0652,0,0,0,-0.0400,0.1500,0.0000,61.8220,62.1660,-0.0730,0.0730,-0.2809,0.4020,0.4020,-0.1287,0.3440,0.3440,-0.0856,TN,7.8473,4.8132,7.9810,114.3460,A,A,A,A,A,0,,neutral,,-0.3364,0.0000,0.0000,6.0000,6.0000,6.0000,0.0000,0.0000,False,False,False,0,,none,False,False,False,4.8132,8.1515,7.8473,0.0000,0.0000,834,830,830,sum,,0,,True,False,False,False,0.0000,0.0000,0,,0.0000
78.0000,78,6268,16014,2ka4,A,78,H,78,H,7.9190,119.2880,8.0860,119.0280,0.1670,-0.2600,0.1209,1,0,0,-0.0400,0.1500,0.0000,60.3390,60.5530,0.1670,0.1670,0.5363,-0.2600,0.2600,-0.3872,0.2140,0.2140,-0.1664,TP,7.8676,1.8051,8.1260,118.8780,A,A,A,A,A,1,794,positive,,0.4778,10.6485,10.6485,6.0000,6.0000,6.0000,0.0000,0.0000,True,True,False,1,794,hbond_and_charge,True,True,False,1.8051,7.6953,7.8676,0.0000,0.0000,794,795,795,sum,,1,794,True,False,False,True,42.5941,0.0000,0,,0.0000
79.0000,79,6268,16014,2ka4,A,79,W,79,W,8.4940,119.7180,8.3770,119.4050,-0.1170,-0.3130,0.0883,1,0,0,-0.0400,0.1500,0.0000,44.6850,59.8620,-0.1170,0.1170,0.1016,-0.3130,0.3130,-0.2907,15.1770,15.1770,9.1418,TP,9.1908,2.3138,8.4170,119.2550,A,A,A,A,A,0,,neutral,,0.0023,1.7656,1.7656,6.0000,6.0000,6.0000,0.0000,0.0000,False,False,False,0,,none,False,True,False,2.3138,7.4408,9.1908,0.0000,0.0000,821,824,825,sum,,1,,True,False,False,False,7.0624,0.0000,0,,0.0000
80.0000,80,6268,16014,2ka4,A,80,K,80,K,8.4070,115.2700,8.3720,115.2510,-0.0350,-0.0190,0.0248,0,0,0,-0.0400,0.1500,0.0000,58.5990,58.7100,-0.0350,0.0350,-0.6113,-0.0190,0.0190,-0.8259,0.1110,0.1110,-0.2305,FN,6.4538,1.7948,8.4120,115.1010,A,A,A,A,A,1,830,positive,,-0.9265,13.0073,13.0073,6.0000,6.0000,6.0000,0.0000,0.0000,True,True,False,4,"824,828,829,830",hbond_and_charge,True,True,False,1.7948,5.6840,6.4538,0.0000,0.0000,830,824,825,sum,,1,"824,828,829,830",True,True,False,True,52.0290,0.0000,0,,0.0000
81.0000,81,6268,16014,2ka4,A,81,N,81,N,7.2310,113.9380,7.3760,114.1180,0.1450,0.1800,0.1041,1,0,0,-0.0400,0.1500,0.0000,53.1910,53.4100,0.1450,0.1450,0.3451,0.1800,0.1800,-0.5328,0.2190,0.2190,-0.1633,FP,7.0140,5.5215,7.4160,113.9680,A,A,A,A,A,0,,neutral,,0.2322,0.0000,0.0000,6.0000,6.0000,6.0000,0.0000,0.0000,False,False,False,0,,none,False,False,False,5.5215,7.8095,7.0140,0.0000,0.0000,822,822,825,sum,,0,,True,False,False,False,0.0000,0.0000,0,,0.0000
82.0000,82,6268,16014,2ka4,A,82,C,82,C,7.4790,124.5510,7.5770,124.5040,0.0980,-0.0470,0.0695,0,0,0,-0.0400,0.1500,0.0000,61.2440,61.2440,0.0980,0.0980,-0.0636,-0.0470,0.0470,-0.7750,0.0000,0.0000,-0.2996,FN,8.5225,3.8368,7.6170,124.3540,A,A,A,A,A,0,,neutral,,-0.2739,4.3684,4.3684,6.0000,6.0000,6.0000,0.0000,0.0000,False,False,False,0,,none,False,True,False,3.8368,8.2017,8.5225,0.0000,0.0000,822,822,822,sum,,1,,True,False,False,False,17.4735,0.0000,0,,0.0000
83.0000,83,6268,16014,2ka4,A,83,T,83,T,8.4780,118.6650,8.4950,118.6500,0.0170,-0.0150,0.0121,0,0,0,-0.0400,0.1500,0.0000,60.7440,60.5530,0.0170,0.0170,-0.7678,-0.0150,0.0150,-0.8332,-0.1910,0.1910,-0.1807,TN,8.2896,2.4824,8.5350,118.5000,A,A,A,A,A,0,,neutral,,-1.1123,0.0000,0.0000,6.0000,6.0000,6.0000,0.0000,0.0000,False,False,False,0,,none,False,False,False,2.4824,7.6309,8.2896,0.0000,0.0000,822,822,822,sum,,0,,True,False,False,False,0.0000,0.0000,0,,0.0000
84.0000,84,6268,16014,2ka4,A,84,R,84,R,8.0480,119.2230,,,,,,0,,,,,,57.4100,56.1750,,,,,,,-1.2350,1.2350,0.4687,FN,9.9105,1.7732,,,A,A,A,A,A,1,790,positive,,,8.6331,8.6331,6.0000,6.0000,6.0000,0.0000,0.0000,True,True,False,2,790,hbond_and_charge,True,True,False,1.7732,10.5623,9.9105,0.0000,0.0000,790,792,822,sum,,1,790,True,False,False,True,34.5325,0.0000,0,,0.0000
85.0000,85,6268,16014,2ka4,A,85,H,85,H,7.1610,115.1880,,,,,,0,,,,,,57.8100,58.4790,,,,,,,0.6690,0.6690,0.1166,TN,11.0790,6.9003,,,A,A,A,A,A,0,,positive,,,0.0000,0.0000,6.0000,6.0000,6.0000,0.0000,0.0000,False,False,False,0,,none,True,False,False,6.9003,11.0327,11.0790,0.0000,0.0000,789,789,822,sum,,0,,False,False,False,False,0.0000,0.0000,0,,0.0000
86.0000,86,6268,16014,2ka4,A,86,D,86,D,8.1360,117.1720,7.9220,116.7620,-0.2140,-0.4100,0.1567,1,1,0,-0.0400,0.1500,0.0000,52.1740,51.5670,-0.2140,0.2140,0.9449,-0.4100,0.4100,-0.1141,-0.6070,0.6070,0.0780,FP,9.2563,3.0996,7.9620,116.6120,A,A,A,A,A,0,,negative,,1.0014,0.0000,0.0000,6.0000,6.0000,6.0000,0.0000,0.0000,False,False,False,0,,none,True,False,False,3.0996,7.2047,9.2563,0.0000,0.0000,789,789,789,sum,,0,,True,False,False,False,0.0000,0.0000,0,,0.0000
87.0000,87,6268,16014,2ka4,A,87,C,87,C,7.0390,122.5010,6.9340,122.4260,-0.1050,-0.0750,0.0746,0,0,0,-0.0400,0.1500,0.0000,57.0590,57.5580,-0.1050,0.1050,-0.0027,-0.0750,0.0750,-0.7240,0.4990,0.4990,0.0109,FN,7.4214,3.3092,6.9740,122.2760,A,A,A,A,A,0,,neutral,,-0.1984,4.4108,4.4108,6.0000,6.0000,6.0000,0.0000,0.0000,False,False,False,0,,none,False,True,False,3.3092,6.7288,7.4214,0.0000,0.0000,792,789,790,sum,,1,,True,False,False,False,17.6432,0.0000,0,,0.0000
89.0000,89,6268,16014,2ka4,A,89,V,89,V,8.3820,120.7000,8.4200,119.9720,0.0380,-0.7280,0.0769,0,0,0,-0.0400,0.1500,0.0000,65.4890,65.6220,0.0380,0.0380,-0.5852,-0.7280,0.7280,0.4648,0.1330,0.1330,-0.2168,FN,6.1216,2.2531,8.4600,119.8220,A,A,A,A,A,0,,neutral,,-0.1648,1.9227,1.9227,6.0000,6.0000,6.0000,0.0000,0.0000,False,False,False,0,,none,False,True,False,2.2531,6.8584,6.1216,0.0000,0.0000,795,791,792,sum,,1,,True,False,False,False,7.6906,0.0000,0,,0.0000
90.0000,90,6268,16014,2ka4,A,90,C,90,C,8.3270,118.8420,8.6890,119.0280,0.3620,0.1860,0.2566,1,1,1,-0.0400,0.1500,0.0000,62.8990,63.7790,0.3620,0.3620,2.2316,0.1860,0.1860,-0.5219,0.8800,0.8800,0.2479,TP,7.8324,4.4059,8.7290,118.8780,A,A,A,A,A,0,,neutral,,2.4630,4.2412,4.2412,6.0000,6.0000,6.0000,0.0000,0.0000,False,False,False,0,,none,False,True,False,4.4059,9.5473,7.8324,0.0000,0.0000,792,821,792,sum,,1,,True,False,False,False,16.9646,0.0000,0,,0.0000
91.0000,91,6268,16014,2ka4,A,91,L,91,L,7.8790,119.9830,7.8670,119.0280,-0.0120,-0.9550,0.0949,1,0,0,-0.0400,0.1500,0.0000,59.5480,60.3230,-0.0120,0.0120,-0.8112,-0.9550,0.9550,0.8781,0.7750,0.7750,0.1826,FP,9.5869,3.9002,7.9070,118.8780,A,A,A,A,A,0,,neutral,,0.0985,0.0000,0.0000,6.0000,6.0000,6.0000,0.0000,0.0000,False,False,False,0,,none,False,False,False,3.9002,9.6947,9.5869,0.0000,0.0000,789,813,789,sum,,0,,True,False,False,False,0.0000,0.0000,0,,0.0000
93.0000,93,6268,16014,2ka4,A,93,L,93,L,7.4930,116.5270,7.4190,115.4400,-0.0740,-1.0870,0.1197,1,0,0,-0.0400,0.1500,0.0000,55.7400,55.9450,-0.0740,0.0740,-0.2722,-1.0870,1.0870,1.1184,0.2050,0.2050,-0.1720,TP,5.9683,2.3054,7.4590,115.2900,A,A,A,A,A,0,,neutral,,0.4602,0.8105,0.8105,6.0000,6.0000,6.0000,0.0000,0.0000,False,False,False,0,,none,False,True,False,2.3054,6.1099,5.9683,0.0000,0.0000,816,813,813,sum,,1,,True,False,True,False,3.2422,0.0000,0,,0.0000
94.0000,94,6268,16014,2ka4,A,94,K,94,K,7.9660,120.3610,7.9350,119.4050,-0.0310,-0.9560,0.0971,1,0,0,-0.0400,0.1500,0.0000,57.7870,57.5580,-0.0310,0.0310,-0.6460,-0.9560,0.9560,0.8799,-0.2290,0.2290,-0.1571,TP,7.0383,2.6662,7.9750,119.2550,A,A,A,A,A,0,,positive,,0.1310,0.0000,0.0000,6.0000,6.0000,6.0000,0.0000,0.0000,False,False,False,0,,none,True,False,False,2.6662,5.8134,7.0383,0.0000,0.0000,821,821,821,sum,,0,,True,True,False,False,0.0000,0.0000,0,,0.0000
95.0000,95,6268,16014,2ka4,A,95,N,95,N,8.2690,118.0340,8.3280,118.0840,0.0590,0.0500,0.0420,0,0,0,-0.0400,0.1500,0.0000,53.4100,53.4100,0.0590,0.0590,-0.4026,0.0500,0.0500,-0.7695,0.0000,0.0000,-0.2996,TN,7.7571,2.9801,8.3680,117.9340,A,A,A,A,A,0,,neutral,,-0.6751,0.0000,0.0000,6.0000,6.0000,6.0000,0.0000,0.0000,False,False,False,0,,none,False,False,False,2.9801,6.6567,7.7571,0.0000,0.0000,813,813,813,sum,,0,,True,False,False,False,0.0000,0.0000,0,,0.0000
96.0000,96,6268,16014,2ka4,A,96,A,96,A,8.0090,123.7910,8.0000,123.3710,-0.0090,-0.4200,0.0421,0,0,0,-0.0400,0.1500,0.0000,52.9950,52.9490,-0.0090,0.0090,-0.8373,-0.4200,0.4200,-0.0959,-0.0460,0.0460,-0.2709,FN,5.7641,2.0349,8.0400,123.2210,A,A,A,A,A,0,,neutral,,-0.6744,2.3593,2.3593,6.0000,6.0000,6.0000,0.0000,0.0000,False,False,False,0,,none,False,True,False,2.0349,4.2703,5.7641,0.0000,0.0000,813,813,813,sum,,1,,True,True,True,False,9.4373,0.0000,0,,0.0000
97.0000,97,6268,16014,2ka4,A,97,S,97,S,8.1780,114.1780,8.0980,113.7410,-0.0800,-0.4370,0.0712,0,0,0,-0.0400,0.1500,0.0000,58.7120,58.7100,-0.0800,0.0800,-0.2200,-0.4370,0.4370,-0.0650,-0.0020,0.0020,-0.2983,FN,4.4903,1.9450,8.1380,113.5910,A,A,A,A,A,0,,neutral,,-0.2481,7.7820,7.7820,6.0000,6.0000,6.0000,0.0000,0.0000,False,False,False,0,,none,False,True,False,1.9450,3.5102,4.4903,0.0000,0.0000,818,818,818,sum,,1,,True,True,True,True,31.1280,0.0000,0,,0.0000
98.0000,98,6268,16014,2ka4,A,98,D,98,D,8.2220,122.0000,8.1740,121.6710,-0.0480,-0.3290,0.0470,0,0,0,-0.0400,0.1500,0.0000,54.3320,54.3320,-0.0480,0.0480,-0.4983,-0.3290,0.3290,-0.2616,0.0000,0.0000,-0.2996,FN,4.6905,2.2748,8.2140,121.5210,A,A,A,A,A,0,,negative,,-0.6016,0.4712,0.4712,6.0000,6.0000,6.0000,0.0000,0.0000,False,False,False,0,,none,True,True,False,2.2748,4.7625,4.6905,0.0000,0.0000,818,818,819,sum,,1,,True,True,True,False,1.8849,0.0000,0,,0.0000
99.0000,99,6268,16014,2ka4,A,99,K,99,K,8.0570,121.5370,8.0220,121.2940,-0.0350,-0.2430,0.0345,0,0,0,-0.0400,0.1500,0.0000,56.1580,55.9450,-0.0350,0.0350,-0.6113,-0.2430,0.2430,-0.4181,-0.2130,0.2130,-0.1671,FN,6.2968,1.7526,8.0620,121.1440,A,A,A,A,A,1,820,positive,,-0.7848,6.7734,6.7734,6.0000,6.0000,6.0000,0.0000,0.0000,True,True,False,2,"819,820",hbond_and_charge,True,True,False,1.7526,6.4657,6.2968,0.0000,0.0000,820,820,820,sum,,1,"819,820",True,False,False,True,27.0938,0.0000,0,,0.0000
100.0000,100,6268,16014,2ka4,A,100,R,100,R,7.9300,127.7940,7.8860,127.5250,-0.0440,-0.2690,0.0410,0,0,0,-0.0400,0.1500,0.0000,57.4190,57.4070,-0.0440,0.0440,-0.5330,-0.2690,0.2690,-0.3708,-0.0120,0.0120,-0.2921,TN,8.3497,5.2597,7.9260,127.3750,A,A,A,A,A,0,,positive,,-0.6906,0.0000,0.0000,6.0000,6.0000,6.0000,0.0000,0.0000,False,False,False,0,,none,True,False,False,5.2597,9.2550,8.3497,0.0000,0.0000,813,813,821,sum,,0,,True,False,False,False,0.0000,0.0000,0,,0.0000
