apo_bmrb,holo_bmrb,holo_pdb,chain,apo_resi,apo_aa,holo_resi,holo_aa,resi,aa,H_apo,H_holo,H_offset,dH_1d,CSP_H_1d,z_H_1d,N_apo,N_holo,N_offset,dN_1d,CSP_N_1d,z_N_1d,CA_apo,CA_holo,CA_offset,dCA_1d,CSP_CA_1d,z_CA_1d
19913,19914,2MNZ,A,1,A,1,A,1,A,8.3040,8.2520,-0.1100,-0.0520,0.0520,-0.8021,126.6860,126.6250,0.5000,-0.0610,0.0610,-0.8599,52.5620,,,,,
19913,19914,2MNZ,A,2,V,2,V,2,V,7.8720,7.8170,-0.1100,-0.0550,0.0550,-0.7838,118.1790,118.9260,0.5000,0.7470,0.7470,-0.3453,62.0650,,,,,
19913,19914,2MNZ,A,3,D,3,D,3,D,8.1070,7.8970,,-0.2100,0.2100,0.1596,123.0790,,,,,,54.4140,,,,,
19913,19914,2MNZ,A,4,L,4,L,4,L,7.7820,7.3830,-0.1100,-0.3990,0.3990,1.3101,121.8270,117.6820,0.5000,-4.1450,4.1450,2.2039,54.9410,55.2790,0.0000,0.3380,0.3380,-0.0310
19913,19914,2MNZ,A,5,Y,5,Y,5,Y,7.9720,7.3480,-0.1100,-0.6240,0.6240,2.6796,121.6430,119.2730,0.5000,-2.3700,2.3700,0.8723,57.2740,57.8740,0.0000,0.6000,0.6000,0.7080
19913,19914,2MNZ,A,6,V,6,V,6,V,7.7700,7.6750,-0.1100,-0.0950,0.0950,-0.5404,116.0850,118.7520,0.5000,2.6670,2.6670,1.0951,59.4120,59.3730,0.0000,-0.0390,0.0390,-0.8743
19913,19914,2MNZ,A,7,C,7,C,7,C,7.3520,7.4210,-0.1100,0.0690,0.0690,-0.6986,125.8690,125.9290,0.5000,0.0600,0.0600,-0.8607,58.1770,58.4150,0.0000,0.2380,0.2380,-0.3130
19913,19914,2MNZ,A,8,L,8,L,8,L,8.6180,8.3430,-0.1100,-0.2750,0.2750,0.5553,131.3500,131.1890,0.5000,-0.1610,0.1610,-0.7849,57.0970,57.1730,0.0000,0.0760,0.0760,-0.7700
19913,19914,2MNZ,A,9,L,9,L,9,L,8.4160,8.4110,-0.1100,-0.0050,0.0050,-1.0882,118.8350,119.2050,0.5000,0.3700,0.3700,-0.6281,56.4440,56.4150,0.0000,-0.0290,0.0290,-0.9025
19913,19914,2MNZ,A,10,C,10,C,10,C,8.0830,8.0330,-0.1100,-0.0500,0.0500,-0.8143,117.6990,117.6430,0.5000,-0.0560,0.0560,-0.8637,58.5180,58.5410,0.0000,0.0230,0.0230,-0.9194
19913,19914,2MNZ,A,11,G,11,G,11,G,7.9640,7.8260,-0.1100,-0.1380,0.1380,-0.2786,113.7590,113.3390,0.5000,-0.4200,0.4200,-0.5906,46.3790,46.2760,0.0000,-0.1030,0.1030,-0.6938
19913,19914,2MNZ,A,12,S,12,S,12,S,8.3960,8.4360,-0.1100,0.0400,0.0400,-0.8752,116.2240,116.2040,0.5000,-0.0200,0.0200,-0.8907,56.7140,,,,,
19913,19914,2MNZ,A,13,G,13,G,13,G,8.9950,9.0570,-0.1100,0.0620,0.0620,-0.7412,115.7790,116.4100,0.5000,0.6310,0.6310,-0.4323,44.9640,44.9940,0.0000,0.0300,0.0300,-0.8997
19913,19914,2MNZ,A,14,N,14,N,14,N,8.1000,8.0030,-0.1100,-0.0970,0.0970,-0.5282,117.3590,118.1820,0.5000,0.8230,0.8230,-0.2883,52.5800,,,,,
19913,19914,2MNZ,A,15,D,15,D,15,D,9.0180,8.9770,-0.1100,-0.0410,0.0410,-0.8691,117.3650,118.3200,0.5000,0.9550,0.9550,-0.1893,55.8820,56.1140,0.0000,0.2320,0.2320,-0.3299
19913,19914,2MNZ,A,16,E,16,E,16,E,9.2700,8.7490,-0.1100,-0.5210,0.5210,2.0527,117.8860,115.7670,0.5000,-2.1190,2.1190,0.6840,59.9030,60.4600,0.0000,0.5570,0.5570,0.5868
19913,19914,2MNZ,A,17,D,17,D,17,D,8.9630,9.0720,-0.1100,0.1090,0.1090,-0.4552,118.8320,115.8130,0.5000,-3.0190,3.0190,1.3591,55.4330,54.5790,0.0000,-0.8540,0.8540,1.4245
19913,19914,2MNZ,A,18,R,18,R,18,R,8.0360,7.7920,-0.1100,-0.2440,0.2440,0.3666,119.5370,118.9260,0.5000,-0.6110,0.6110,-0.4473,54.8280,54.7830,0.0000,-0.0450,0.0450,-0.8574
19913,19914,2MNZ,A,19,L,19,L,19,L,7.1840,7.0220,-0.1100,-0.1620,0.1620,-0.1325,122.5120,124.5960,0.5000,2.0840,2.0840,0.6577,54.5160,53.9500,0.0000,-0.5660,0.5660,0.6121
19913,19914,2MNZ,A,20,L,20,L,20,L,8.6630,8.0240,-0.1100,-0.6390,0.6390,2.7709,127.8500,126.0640,0.5000,-1.7860,1.7860,0.4341,53.5010,54.4050,0.0000,0.9040,0.9040,1.5655
19913,19914,2MNZ,A,21,L,21,L,21,L,8.1390,7.5740,-0.1100,-0.5650,0.5650,2.3205,123.9880,119.1230,0.5000,-4.8650,4.8650,2.7440,53.5100,54.5800,0.0000,1.0700,1.0700,2.0337
19913,19914,2MNZ,A,22,C,22,C,22,C,8.9550,8.8030,-0.1100,-0.1520,0.1520,-0.1934,129.0960,125.9490,0.5000,-3.1470,3.1470,1.4552,60.2410,60.6670,0.0000,0.4260,0.4260,0.2173
19913,19914,2MNZ,A,23,D,23,D,23,D,9.1200,9.3220,-0.1100,0.2020,0.2020,0.1109,130.2070,129.8030,0.5000,-0.4040,0.4040,-0.6026,56.7160,,,,,
19913,19914,2MNZ,A,24,G,24,G,24,G,9.9250,10.1790,-0.1100,0.2540,0.2540,0.4275,113.5720,115.3970,0.5000,1.8250,1.8250,0.4634,46.0910,46.0540,0.0000,-0.0370,0.0370,-0.8800
19913,19914,2MNZ,A,25,C,25,C,25,C,7.7540,8.0180,-0.1100,0.2640,0.2640,0.4883,120.9090,122.1960,0.5000,1.2870,1.2870,0.0598,58.5910,,,,,
19913,19914,2MNZ,A,26,D,26,D,26,D,8.1240,,,,,,119.3700,,,,,,56.2400,,,,,
19913,19914,2MNZ,A,27,D,27,D,27,D,8.6550,8.1610,-0.1100,-0.4940,0.4940,1.8883,123.0560,121.7790,0.5000,-1.2770,1.2770,0.0523,55.5770,,,,,
19913,19914,2MNZ,A,28,S,28,S,28,S,8.0480,7.7090,-0.1100,-0.3390,0.3390,0.9448,114.3840,113.3850,0.5000,-0.9990,0.9990,-0.1563,56.9560,56.3900,0.0000,-0.5660,0.5660,0.6121
19913,19914,2MNZ,A,29,Y,29,Y,29,Y,8.5240,8.4820,-0.1100,-0.0420,0.0420,-0.8630,119.0630,120.3160,0.5000,1.2530,1.2530,0.0343,56.3010,56.1830,0.0000,-0.1180,0.1180,-0.6515
19913,19914,2MNZ,A,30,H,30,H,30,H,9.0940,8.8650,-0.1100,-0.2290,0.2290,0.2753,122.4780,122.8400,0.5000,0.3620,0.3620,-0.6341,57.8190,58.0160,0.0000,0.1970,0.1970,-0.4287
19913,19914,2MNZ,A,31,T,31,T,31,T,8.7740,8.6110,-0.1100,-0.1630,0.1630,-0.1265,113.2490,112.8210,0.5000,-0.4280,0.4280,-0.5846,64.9250,64.7920,0.0000,-0.1330,0.1330,-0.6092
19913,19914,2MNZ,A,32,F,32,F,32,F,6.4040,6.3930,-0.1100,-0.0110,0.0110,-1.0517,111.5080,111.4650,0.5000,-0.0430,0.0430,-0.8735,56.1200,,,,,
19913,19914,2MNZ,A,33,C,33,C,33,C,7.2420,7.1890,-0.1100,-0.0530,0.0530,-0.7960,123.9990,124.0230,0.5000,0.0240,0.0240,-0.8877,61.9110,61.8540,0.0000,-0.0570,0.0570,-0.8235
19913,19914,2MNZ,A,34,L,34,L,34,L,6.3730,6.3130,-0.1100,-0.0600,0.0600,-0.7534,119.8050,119.5820,0.5000,-0.2230,0.2230,-0.7384,55.5000,55.3680,0.0000,-0.1320,0.1320,-0.6120
19913,19914,2MNZ,A,35,I,35,I,35,I,7.9020,7.9270,-0.1100,0.0250,0.0250,-0.9665,118.5730,118.3750,0.5000,-0.1980,0.1980,-0.7572,57.8000,57.6940,0.0000,-0.1060,0.1060,-0.6853
19913,19914,2MNZ,A,36,P,37,P,37,P,,,,,,,,,,,,,62.8790,62.8740,,-0.0050,0.0050,-0.9702
19913,19914,2MNZ,A,37,L,38,L,38,L,7.5450,7.5560,-0.1100,0.0110,0.0110,-1.0517,120.5130,120.2080,0.5000,-0.3050,0.3050,-0.6769,53.5090,53.3100,0.0000,-0.1990,0.1990,-0.4230
19913,19914,2MNZ,A,38,H,39,H,39,H,,,,,,,,,,,,,57.6270,57.6170,,-0.0100,0.0100,-0.9561
19913,19914,2MNZ,A,39,D,40,D,40,D,7.6110,7.4070,-0.1100,-0.2040,0.2040,0.1231,117.4220,115.7610,0.5000,-1.6610,1.6610,0.3404,52.2540,,,,,
19913,19914,2MNZ,A,40,V,41,V,41,V,8.5310,8.6630,-0.1100,0.1320,0.1320,-0.3152,123.0180,123.8150,0.5000,0.7970,0.7970,-0.3078,60.7350,61.0500,0.0000,0.3150,0.3150,-0.0958
19913,19914,2MNZ,A,41,P,42,P,42,P,,,,,,,,,,,,,62.9100,62.8580,,-0.0520,0.0520,-0.8376
19913,19914,2MNZ,A,42,K,43,K,43,K,8.4830,8.4710,-0.1100,-0.0120,0.0120,-1.0456,122.0400,121.6350,0.5000,-0.4050,0.4050,-0.6019,55.9280,56.8330,0.0000,0.9050,0.9050,1.5683
19913,19914,2MNZ,A,43,G,44,G,44,G,8.1030,8.1760,-0.1100,0.0730,0.0730,-0.6743,110.4390,109.1160,0.5000,-1.3230,1.3230,0.0868,44.7320,43.9700,0.0000,-0.7620,0.7620,1.1650
19913,19914,2MNZ,A,44,D,45,D,45,D,8.2530,8.1250,-0.1100,-0.1280,0.1280,-0.3395,121.6300,120.7530,0.5000,-0.8770,0.8770,-0.2478,54.6110,,,,,
19913,19914,2MNZ,A,45,W,46,W,46,W,9.0500,9.4380,-0.1100,0.3880,0.3880,1.2431,126.4200,124.9430,0.5000,-1.4770,1.4770,0.2023,60.0120,59.9030,0.0000,-0.1090,0.1090,-0.6769
19913,19914,2MNZ,A,46,R,47,R,47,R,6.5810,6.6510,-0.1100,0.0700,0.0700,-0.6925,125.2120,124.9820,0.5000,-0.2300,0.2300,-0.7332,52.6120,52.4860,0.0000,-0.1260,0.1260,-0.6289
19913,19914,2MNZ,A,47,C,48,C,48,C,8.9820,8.8450,-0.1100,-0.1370,0.1370,-0.2847,126.4780,125.3840,0.5000,-1.0940,1.0940,-0.0850,56.7470,56.6620,0.0000,-0.0850,0.0850,-0.7446
19913,19914,2MNZ,A,48,P,49,P,49,P,,,,,,,,,,,,,65.4370,65.4010,,-0.0360,0.0360,-0.8828
19913,19914,2MNZ,A,49,K,50,K,50,K,7.8000,7.6590,-0.1100,-0.1410,0.1410,-0.2604,119.9650,119.0180,0.5000,-0.9470,0.9470,-0.1953,59.6300,59.4670,0.0000,-0.1630,0.1630,-0.5246
19913,19914,2MNZ,A,50,C,51,C,51,C,8.5130,8.2570,-0.1100,-0.2560,0.2560,0.4396,125.4520,124.5030,0.5000,-0.9490,0.9490,-0.1938,65.3760,65.0050,0.0000,-0.3710,0.3710,0.0621
19913,19914,2MNZ,A,51,L,52,L,52,L,8.1810,7.8770,-0.1100,-0.3040,0.3040,0.7318,120.4800,119.7150,0.5000,-0.7650,0.7650,-0.3318,56.9740,55.8720,0.0000,-1.1020,1.1020,2.1240
19913,19914,2MNZ,A,52,A,53,A,53,A,7.4220,7.2260,-0.1100,-0.1960,0.1960,0.0744,121.4220,121.4970,0.5000,0.0750,0.0750,-0.8494,53.6840,52.8180,0.0000,-0.8660,0.8660,1.4583
19913,19914,2MNZ,A,53,Q,54,Q,54,Q,7.5450,7.5270,-0.1100,-0.0180,0.0180,-1.0091,117.5500,118.4630,0.5000,0.9130,0.9130,-0.2208,56.7220,55.6660,0.0000,-1.0560,1.0560,1.9942
19913,19914,2MNZ,A,54,E,55,E,55,E,7.8610,7.6660,-0.1100,-0.1950,0.1950,0.0683,120.7360,127.4280,0.5000,6.6920,6.6920,4.1146,57.1680,58.1870,0.0000,1.0190,1.0190,1.8899
