apo_bmrb,holo_bmrb,holo_pdb,chain,apo_resi,apo_aa,holo_resi,holo_aa,H_apo,N_apo,CA_apo,H_holo,N_holo,CA_holo,H_holo_original,N_holo_original,H_offset,N_offset,CA_offset,dH,dN,csp_A,csp_z,significant,significant_1sd,significant_2sd,delta_sasa,occluded
15792,7150,2H7D,A,17,I,1,P,7.5800,123.9300,,,,,,,,,,,,,,0,,,,0
15792,7150,2H7D,A,18,L,2,L,9.1500,120.4800,,8.5200,122.0400,,8.5100,122.0400,0.0100,0.0000,,-0.6300,1.5600,0.4715,1.2425,1,1,0,0.0000,0
15792,7150,2H7D,A,20,G,3,G,7.5100,107.5400,,8.3400,109.6100,,8.3300,109.6100,0.0100,0.0000,,0.8300,2.0700,0.6216,2.0014,1,1,1,0.0000,0
15792,7150,2H7D,A,21,S,4,S,8.4600,118.0900,,8.2900,115.6500,,8.2800,115.6500,0.0100,0.0000,,-0.1700,-2.4400,0.2698,0.2232,1,0,0,0.0000,0
15792,7150,2H7D,A,31,G,5,G,8.1700,107.3200,,8.6200,110.6100,,8.6100,110.6100,0.0100,0.0000,,0.4500,3.2900,0.4553,1.1609,1,1,0,0.0000,0
15792,7150,2H7D,A,36,I,6,V,8.3400,119.6900,,7.7200,120.5300,,7.7100,120.5300,0.0100,0.0000,,-0.6200,0.8400,0.4462,1.1148,1,1,0,0.0000,0
15792,7150,2H7D,A,37,Q,7,S,8.3200,115.9200,,8.2200,123.2700,,8.2100,123.2700,0.0100,0.0000,,-0.1000,7.3500,0.7310,2.5543,1,1,1,0.0000,0
15792,7150,2H7D,A,38,F,8,F,8.9900,115.1300,,8.5900,122.3300,,8.5800,122.3300,0.0100,0.0000,,-0.4000,7.2000,0.7668,2.7352,1,1,1,0.0000,0
15792,7150,2H7D,A,49,F,9,F,8.6300,121.7900,,9.2800,119.6700,,9.2700,119.6700,0.0100,0.0000,,0.6500,-2.1200,0.5053,1.4132,1,1,0,0.0000,0
15792,7150,2H7D,A,50,L,10,L,8.0500,115.9100,,9.4600,127.2800,,9.4500,127.2800,0.0100,0.0000,,1.4100,11.3700,1.5037,6.4590,1,1,1,0.0000,0
15792,7150,2H7D,A,56,L,11,V,7.5100,118.1800,,9.1800,123.4500,,9.1700,123.4500,0.0100,0.0000,,1.6700,5.2700,1.2910,5.3842,1,1,1,0.0000,0
15792,7150,2H7D,A,57,K,12,K,8.5800,123.2400,,8.2300,116.2700,,8.2200,116.2700,0.0100,0.0000,,-0.3500,-6.9700,0.7330,2.5644,1,1,1,0.0000,0
15792,7150,2H7D,A,58,E,13,E,9.1600,116.7200,,9.3700,121.5800,,9.3600,121.5800,0.0100,0.0000,,0.2100,4.8600,0.5035,1.4044,1,1,0,0.0000,0
15792,7150,2H7D,A,61,K,14,K,8.4000,118.2000,,8.9700,122.9100,,8.9600,122.9100,0.0100,0.0000,,0.5700,4.7100,0.6163,1.9745,1,1,0,0.0000,0
15792,7150,2H7D,A,62,Q,15,M,7.5400,118.9400,,9.0000,128.4200,,8.9900,128.4200,0.0100,0.0000,,1.4600,9.4800,1.3952,5.9108,1,1,1,0.0000,0
15792,7150,2H7D,A,63,K,16,K,8.4200,118.5900,,8.6700,126.2000,,8.6600,126.2000,0.0100,0.0000,,0.2500,7.6100,0.7738,2.7705,1,1,1,0.0000,0
15792,7150,2H7D,A,64,G,17,G,8.4500,106.7000,,8.9600,113.4700,,8.9500,113.4700,0.0100,0.0000,,0.5100,6.7700,0.7611,2.7060,1,1,1,0.0000,0
15792,7150,2H7D,A,73,K,18,K,8.6300,122.2700,,7.4700,117.4800,,7.4600,117.4800,0.0100,0.0000,,-1.1600,-4.7900,0.9474,3.6480,1,1,1,0.0000,0
15792,7150,2H7D,A,74,N,19,N,8.0700,117.9900,,,,,,,,,,,,,,0,,,0.0000,0
15792,7150,2H7D,A,90,F,20,K,9.2300,119.3500,,7.2200,117.3400,,7.2100,117.3400,0.0100,0.0000,,-2.0100,-2.0100,1.4351,6.1128,1,1,1,0.2827,1
15792,7150,2H7D,A,91,L,21,L,9.4400,127.1200,,8.8400,124.3500,,8.8300,124.3500,0.0100,0.0000,,-0.6000,-2.7700,0.5052,1.4127,1,1,0,0.7351,1
15792,7150,2H7D,A,92,V,22,V,9.3400,123.5800,,9.4400,118.7500,,9.4300,118.7500,0.0100,0.0000,,0.1000,-4.8300,0.4833,1.3024,1,1,0,0.0000,0
15792,7150,2H7D,A,96,M,23,P,8.9500,127.0700,,,,,,,,,,,,,,0,,,,0
15792,7150,2H7D,A,97,K,24,R,8.6500,125.1100,,8.9300,121.2900,,8.9200,121.2900,0.0100,0.0000,,0.2800,-3.8200,0.4269,1.0169,1,1,0,0.0000,0
15792,7150,2H7D,A,98,K,25,L,7.7400,118.6700,,8.1500,121.6000,,8.1400,121.6000,0.0100,0.0000,,0.4100,2.9300,0.4101,0.9323,1,0,0,0.0000,0
15792,7150,2H7D,A,99,L,26,L,9.7900,127.9300,,9.6700,126.6700,,9.6600,126.6700,0.0100,0.0000,,-0.1200,-1.2600,0.1509,-0.3779,0,0,0,0.0000,0
15792,7150,2H7D,A,100,G,27,G,9.7900,114.4000,,9.7700,112.5700,,9.7600,112.5700,0.0100,0.0000,,-0.0200,-1.8300,0.1817,-0.2220,0,0,0,0.0000,0
15792,7150,2H7D,A,101,I,28,I,8.7400,123.5900,,8.9600,123.3300,,8.9500,123.3300,0.0100,0.0000,,0.2200,-0.2600,0.1577,-0.3435,0,0,0,0.0000,0
15792,7150,2H7D,A,102,T,29,T,9.0700,121.7600,,9.3700,121.2000,,9.3600,121.2000,0.0100,0.0000,,0.3000,-0.5600,0.2193,-0.0323,0,0,0,0.0000,0
15792,7150,2H7D,A,103,K,30,K,7.6400,113.0500,,7.9000,111.6000,,7.8900,111.6000,0.0100,0.0000,,0.2600,-1.4500,0.2332,0.0385,1,0,0,0.0000,0
15792,7150,2H7D,A,104,E,31,E,7.9700,111.9600,,7.7000,111.6200,,7.6900,111.6200,0.0100,0.0000,,-0.2700,-0.3400,0.1939,-0.1606,0,0,0,0.0000,0
15792,7150,2H7D,A,105,C,32,S,8.0900,118.9900,,8.1000,117.9100,,8.0900,117.9100,0.0100,0.0000,,0.0100,-1.0800,0.1071,-0.5988,0,0,0,0.0000,0
15792,7150,2H7D,A,106,V,33,V,8.8100,118.2100,,9.0100,117.9900,,9.0000,117.9900,0.0100,0.0000,,0.2000,-0.2200,0.1431,-0.4172,0,0,0,0.0000,0
15792,7150,2H7D,A,107,M,34,M,9.8200,122.4200,,9.7800,122.4400,,9.7700,122.4400,0.0100,0.0000,,-0.0400,0.0200,0.0284,-0.9971,0,0,0,0.0000,0
15792,7150,2H7D,A,108,R,35,R,8.7500,122.1700,,8.7900,122.0000,,8.7800,122.0000,0.0100,0.0000,,0.0400,-0.1700,0.0329,-0.9740,0,0,0,0.0000,0
15792,7150,2H7D,A,109,V,36,V,9.5400,126.4100,,9.3700,125.6400,,9.3600,125.6400,0.0100,0.0000,,-0.1700,-0.7700,0.1423,-0.4210,0,0,0,0.0000,0
15792,7150,2H7D,A,110,D,37,D,8.7400,128.3600,,8.7600,127.5500,,8.7500,127.5500,0.0100,0.0000,,0.0200,-0.8100,0.0814,-0.7288,0,0,0,0.0000,0
15792,7150,2H7D,A,111,E,38,E,9.4400,128.7400,,9.5700,128.4800,,9.5600,128.4800,0.0100,0.0000,,0.1300,-0.2600,0.0955,-0.6579,0,0,0,0.0000,0
15792,7150,2H7D,A,112,K,39,K,8.7800,119.4200,,8.6300,118.7000,,8.6200,118.7000,0.0100,0.0000,,-0.1500,-0.7200,0.1278,-0.4945,0,0,0,0.0000,0
15792,7150,2H7D,A,113,T,40,T,8.7500,109.7000,,8.4000,108.4300,,8.3900,108.4300,0.0100,0.0000,,-0.3500,-1.2700,0.2776,0.2626,1,0,0,0.0000,0
15792,7150,2H7D,A,114,K,41,K,7.8500,117.0500,,8.0500,115.1700,,8.0400,115.1700,0.0100,0.0000,,0.2000,-1.8800,0.2337,0.0410,1,0,0,0.0000,0
15792,7150,2H7D,A,115,E,42,E,7.5100,116.4200,,7.5400,117.5300,,7.5300,117.5300,0.0100,0.0000,,0.0300,1.1100,0.1119,-0.5748,0,0,0,0.0000,0
15792,7150,2H7D,A,116,V,43,V,8.8400,124.4500,,8.7800,124.4100,,8.7700,124.4100,0.0100,0.0000,,-0.0600,-0.0400,0.0426,-0.9250,0,0,0,0.0000,0
15792,7150,2H7D,A,117,I,44,I,9.0000,128.4200,,8.9900,128.4600,,8.9800,128.4600,0.0100,0.0000,,-0.0100,0.0400,0.0081,-1.0994,0,0,0,0.0000,0
15792,7150,2H7D,A,118,Q,45,Q,7.4300,118.2600,,7.4100,118.3700,,7.4000,118.3700,0.0100,0.0000,,-0.0200,0.1100,0.0178,-1.0502,0,0,0,0.0000,0
15792,7150,2H7D,A,119,E,46,E,8.1500,123.1200,,8.2200,124.4000,,8.2100,124.4000,0.0100,0.0000,,0.0700,1.2800,0.1360,-0.4528,0,0,0,0.0000,0
15792,7150,2H7D,A,120,W,47,W,9.3800,122.3300,,9.3900,123.4200,,9.3800,123.4200,0.0100,0.0000,,0.0100,1.0900,0.1081,-0.5938,0,0,0,0.0000,0
15792,7150,2H7D,A,121,S,48,S,8.8100,117.4400,,8.6400,116.1300,,8.6300,116.1300,0.0100,0.0000,,-0.1700,-1.3100,0.1768,-0.2467,0,0,0,0.0000,0
15792,7150,2H7D,A,122,L,49,L,8.2200,126.7400,,8.4800,125.8000,,8.4700,125.8000,0.0100,0.0000,,0.2600,-0.9400,0.2061,-0.0990,0,0,0,0.0000,0
15792,7150,2H7D,A,123,T,50,T,7.8300,105.7700,,8.0400,106.5000,,8.0300,106.5000,0.0100,0.0000,,0.2100,0.7300,0.1651,-0.3057,0,0,0,0.0566,1
15792,7150,2H7D,A,124,N,51,N,7.7700,118.1900,,7.9000,118.7100,,7.8900,118.7100,0.0100,0.0000,,0.1300,0.5200,0.1054,-0.6079,0,0,0,0.0000,0
15792,7150,2H7D,A,125,I,52,I,7.3800,119.3900,,7.2100,117.6500,,7.2000,117.6500,0.0100,0.0000,,-0.1700,-1.7400,0.2100,-0.0788,0,0,0,0.0000,0
15792,7150,2H7D,A,126,K,53,K,9.0200,128.1400,,9.3400,128.9400,,9.3300,128.9400,0.0100,0.0000,,0.3200,0.8000,0.2397,0.0712,1,0,0,0.0188,1
15792,7150,2H7D,A,127,R,54,R,7.9400,114.9100,,7.8000,112.3500,,7.7900,112.3500,0.0100,0.0000,,-0.1400,-2.5600,0.2721,0.2347,1,0,0,0.7917,1
15792,7150,2H7D,A,128,W,55,W,7.3400,117.8000,,8.7100,117.5300,,8.7000,117.5300,0.0100,0.0000,,1.3700,-0.2700,0.9691,3.7574,1,1,1,5.2803,1
15792,7150,2H7D,A,129,A,56,A,8.3700,120.6000,,8.3400,119.3300,,8.3300,119.3300,0.0100,0.0000,,-0.0300,-1.2700,0.1275,-0.4960,0,0,0,1.6593,1
15792,7150,2H7D,A,130,A,57,A,9.0100,124.5500,,9.1800,127.1300,,9.1700,127.1300,0.0100,0.0000,,0.1700,2.5800,0.2823,0.2863,1,0,0,0.0000,0
15792,7150,2H7D,A,131,S,58,S,8.9900,120.8400,,9.0200,121.1600,,9.0100,121.1600,0.0100,0.0000,,0.0300,0.3200,0.0381,-0.9477,0,0,0,0.9990,1
15792,7150,2H7D,A,132,K,60,K,8.3700,120.6100,,7.7600,110.9900,,7.7500,110.9900,0.0100,0.0000,,-0.6100,-9.6200,1.0455,4.1433,1,1,1,0.0000,0
15792,7150,2H7D,A,133,S,61,S,7.7800,115.0800,,7.8100,115.1400,,7.8000,115.1400,0.0100,0.0000,,0.0300,0.0600,0.0220,-1.0290,0,0,0,0.0000,0
15792,7150,2H7D,A,134,F,62,F,8.6700,119.6500,,8.8300,118.8800,,8.8200,118.8800,0.0100,0.0000,,0.1600,-0.7700,0.1364,-0.4509,0,0,0,0.0000,0
15792,7150,2H7D,A,135,T,63,T,7.9900,122.6400,,7.9200,122.5800,,7.9100,122.5800,0.0100,0.0000,,-0.0700,-0.0600,0.0499,-0.8884,0,0,0,0.0000,0
15792,7150,2H7D,A,136,L,64,L,9.0200,124.2800,,9.0800,124.3000,,9.0700,124.3000,0.0100,0.0000,,0.0600,0.0200,0.0425,-0.9257,0,0,0,0.0000,0
15792,7150,2H7D,A,137,D,65,D,8.0000,120.1200,,8.0200,119.3600,,8.0100,119.3600,0.0100,0.0000,,0.0200,-0.7600,0.0766,-0.7535,0,0,0,0.0000,0
15792,7150,2H7D,A,138,F,66,F,8.9500,124.3800,,9.2600,125.6900,,9.2500,125.6900,0.0100,0.0000,,0.3100,1.3100,0.2547,0.1468,1,0,0,0.0000,0
15792,7150,2H7D,A,139,G,67,G,9.0900,110.5400,,9.2700,111.0200,,9.2600,111.0200,0.0100,0.0000,,0.1800,0.4800,0.1359,-0.4537,0,0,0,0.0000,0
15792,7150,2H7D,A,140,D,68,D,8.5200,122.1800,,8.5900,122.4800,,8.5800,122.4800,0.0100,0.0000,,0.0700,0.3000,0.0577,-0.8486,0,0,0,0.0000,0
15792,7150,2H7D,A,141,Y,69,Y,8.1600,120.3500,,8.2300,119.8200,,8.2200,119.8200,0.0100,0.0000,,0.0700,-0.5300,0.0721,-0.7758,0,0,0,0.0000,0
15792,7150,2H7D,A,142,Q,70,Q,8.1900,119.5100,,7.8400,116.5900,,7.8300,116.5900,0.0100,0.0000,,-0.3500,-2.9200,0.3805,0.7829,1,0,0,0.0000,0
15792,7150,2H7D,A,143,D,71,D,8.3200,120.0200,,8.3400,120.6400,,8.3300,120.6400,0.0100,0.0000,,0.0200,0.6200,0.0630,-0.8220,0,0,0,0.0000,0
15792,7150,2H7D,A,144,G,72,G,8.1400,109.6600,,8.1700,111.0700,,8.1600,111.0700,0.0100,0.0000,,0.0300,1.4100,0.1412,-0.4268,0,0,0,0.0000,0
15792,7150,2H7D,A,145,Y,73,Y,7.9700,120.4400,,8.1500,120.3900,,8.1400,120.3900,0.0100,0.0000,,0.1800,-0.0500,0.1274,-0.4966,0,0,0,0.0000,0
15792,7150,2H7D,A,146,Y,74,Y,8.7400,124.8800,,8.8500,123.0500,,8.8400,123.0500,0.0100,0.0000,,0.1100,-1.8300,0.1972,-0.1440,0,0,0,0.0000,0
15792,7150,2H7D,A,147,S,75,S,8.3200,122.1200,,8.2400,122.5300,,8.2300,122.5300,0.0100,0.0000,,-0.0800,0.4100,0.0696,-0.7885,0,0,0,1.4819,1
15792,7150,2H7D,A,148,V,76,V,8.8700,117.0400,,9.0800,114.9500,,9.0700,114.9500,0.0100,0.0000,,0.2100,-2.0900,0.2547,0.1467,1,0,0,0.3026,1
15792,7150,2H7D,A,149,Q,77,Q,9.1900,121.0000,,9.3200,122.9100,,9.3100,122.9100,0.0100,0.0000,,0.1300,1.9100,0.2102,-0.0778,0,0,0,0.8927,1
15792,7150,2H7D,A,150,T,78,T,7.9900,121.3700,,7.7300,122.0600,,7.7200,122.0600,0.0100,0.0000,,-0.2600,0.6900,0.1961,-0.1491,0,0,0,0.0000,0
15792,7150,2H7D,A,151,T,79,T,8.7600,118.1600,,8.7200,117.8600,,8.7100,117.8600,0.0100,0.0000,,-0.0400,-0.3000,0.0410,-0.9331,0,0,0,0.0000,0
15792,7150,2H7D,A,152,E,80,E,9.1900,124.3200,,9.2000,123.8600,,9.1900,123.8600,0.0100,0.0000,,0.0100,-0.4600,0.0461,-0.9075,0,0,0,0.0000,0
15792,7150,2H7D,A,153,G,81,G,9.2800,110.7300,,9.2000,110.6400,,9.1900,110.6400,0.0100,0.0000,,-0.0800,-0.0900,0.0573,-0.8509,0,0,0,0.0000,0
15792,7150,2H7D,A,154,E,82,E,8.8300,119.6900,,8.7500,118.8800,,8.7400,118.8800,0.0100,0.0000,,-0.0800,-0.8100,0.0981,-0.6444,0,0,0,0.0000,0
15792,7150,2H7D,A,155,Q,83,Q,7.4800,119.4900,,7.5300,119.7600,,7.5200,119.7600,0.0100,0.0000,,0.0500,0.2700,0.0443,-0.9164,0,0,0,0.0000,0
15792,7150,2H7D,A,156,I,84,I,7.5300,121.4800,,7.7300,121.6500,,7.7200,121.6500,0.0100,0.0000,,0.2000,0.1700,0.1424,-0.4206,0,0,0,0.0000,0
15792,7150,2H7D,A,157,A,85,A,8.2700,119.6800,,8.0000,119.3500,,7.9900,119.3500,0.0100,0.0000,,-0.2700,-0.3300,0.1937,-0.1614,0,0,0,0.0000,0
15792,7150,2H7D,A,158,Q,86,Q,7.6300,115.3100,,7.6500,115.3900,,7.6400,115.3900,0.0100,0.0000,,0.0200,0.0800,0.0162,-1.0584,0,0,0,0.0000,0
15792,7150,2H7D,A,159,L,87,L,7.3300,121.3200,,7.4800,121.7200,,7.4700,121.7200,0.0100,0.0000,,0.1500,0.4000,0.1132,-0.5682,0,0,0,0.0000,0
15792,7150,2H7D,A,160,I,88,I,7.7900,117.8000,,7.8000,117.5000,,7.7900,117.5000,0.0100,0.0000,,0.0100,-0.3000,0.0305,-0.9861,0,0,0,0.0000,0
15792,7150,2H7D,A,161,A,89,A,7.8100,111.3200,,8.4800,120.2400,,8.4700,120.2400,0.0100,0.0000,,0.6700,8.9200,1.0021,3.9242,1,1,1,0.0000,0
15792,7150,2H7D,A,162,G,90,G,7.5700,103.8100,,7.9500,105.1300,,7.9400,105.1300,0.0100,0.0000,,0.3800,1.3200,0.2988,0.3697,1,0,0,0.0000,0
15792,7150,2H7D,A,163,Y,91,Y,7.6100,121.2100,,8.0900,122.1000,,8.0800,122.1000,0.0100,0.0000,,0.4800,0.8900,0.3507,0.6319,1,0,0,0.0000,0
15792,7150,2H7D,A,164,I,92,I,8.8300,123.0500,,8.8400,122.9800,,8.8300,122.9800,0.0100,0.0000,,0.0100,-0.0700,0.0099,-1.0903,0,0,0,0.0000,0
15792,7150,2H7D,A,165,D,93,D,7.9600,120.1500,,8.0800,120.6600,,8.0700,120.6600,0.0100,0.0000,,0.1200,0.5100,0.0987,-0.6413,0,0,0,0.0000,0
15792,7150,2H7D,A,166,I,94,I,7.6500,121.4400,,7.3900,117.5100,,7.3800,117.5100,0.0100,0.0000,,-0.2600,-3.9300,0.4303,1.0344,1,1,0,0.0000,0
15792,7150,2H7D,A,167,I,95,I,7.6100,121.2100,,7.4700,121.3300,,7.4600,121.3300,0.0100,0.0000,,-0.1400,0.1200,0.0997,-0.6365,0,0,0,0.0000,0
15792,7150,2H7D,A,168,L,96,L,8.2500,120.0700,,8.5700,120.5600,,8.5600,120.5600,0.0100,0.0000,,0.3200,0.4900,0.2314,0.0292,1,0,0,0.0000,0
15792,7150,2H7D,A,169,K,97,K,7.7900,119.0700,,7.9300,117.4400,,7.9200,117.4400,0.0100,0.0000,,0.1400,-1.6300,0.1893,-0.1836,0,0,0,0.0000,0
15792,7150,2H7D,A,170,K,98,K,7.8800,120.6600,,7.7500,119.1200,,7.7400,119.1200,0.0100,0.0000,,-0.1300,-1.5400,0.1780,-0.2406,0,0,0,0.0000,0
15792,7150,2H7D,A,171,K,99,K,7.8100,119.7600,,7.9200,120.7100,,7.9100,120.7100,0.0100,0.0000,,0.1100,0.9500,0.1220,-0.5236,0,0,0,0.0000,0
15792,7150,2H7D,A,172,K,100,K,7.3600,123.2600,,8.1800,122.2500,,8.1700,122.2500,0.0100,0.0000,,0.8200,-1.0100,0.5884,1.8333,1,1,0,0.0000,0
15792,7150,2H7D,A,173,S,101,S,7.9900,123.1400,,7.9200,122.5200,,7.9100,122.5200,0.0100,0.0000,,-0.0700,-0.6200,0.0788,-0.7419,0,0,0,0.0000,0
