apo_bmrb,holo_bmrb,holo_pdb,chain,apo_resi,apo_aa,holo_resi,holo_aa,HA_apo,CA_apo,HA_holo,CA_holo,HA_holo_original,CA_holo_original,HA_offset,CA_offset,dHA,dCA,csp_HA_CA,csp_HA_CA_z,csp_HA_CA_significant,csp_HA_CA_significant_1sd,csp_HA_CA_significant_2sd,delta_sasa,occluded
51289,19604,2mgu,A,3,D,2,D,4.6380,54.6840,4.6500,54.6130,4.6400,54.6130,0.0100,0.0000,0.0120,-0.0710,0.0173,-0.8248,0,0,0,0.0000,0
51289,19604,2mgu,A,4,Q,3,Q,4.3920,55.6040,4.3830,55.4980,4.3730,55.4980,0.0100,0.0000,-0.0090,-0.1060,0.0234,-0.7203,0,0,0,0.0000,0
51289,19604,2mgu,A,5,L,4,L,4.6760,54.3720,4.6970,54.3590,4.6870,54.3590,0.0100,0.0000,0.0210,-0.0130,0.0151,-0.8623,0,0,0,0.0000,0
51289,19604,2mgu,A,6,T,5,T,4.4850,60.3780,4.4860,60.4630,4.4760,60.4630,0.0100,0.0000,0.0010,0.0850,0.0180,-0.8117,0,0,0,0.0000,0
51289,19604,2mgu,A,7,E,6,E,3.9880,60.1670,3.9850,59.9350,3.9750,59.9350,0.0100,0.0000,-0.0030,-0.2320,0.0493,-0.2758,0,0,0,0.0000,0
51289,19604,2mgu,A,8,E,7,E,4.0650,60.0760,4.0780,59.9430,4.0680,59.9430,0.0100,0.0000,0.0130,-0.1330,0.0297,-0.6121,0,0,0,0.0000,0
51289,19604,2mgu,A,9,Q,8,Q,3.8930,58.5930,3.8350,58.7750,3.8250,58.7750,0.0100,0.0000,-0.0580,0.1820,0.0563,-0.1545,0,0,0,0.0000,0
51289,19604,2mgu,A,10,I,9,I,3.7320,66.1920,3.6780,66.2350,3.6680,66.2350,0.0100,0.0000,-0.0540,0.0430,0.0393,-0.4476,0,0,0,0.0000,0
51289,19604,2mgu,A,11,A,10,A,4.1390,55.5540,4.1280,55.3970,4.1180,55.3970,0.0100,0.0000,-0.0110,-0.1570,0.0342,-0.5344,0,0,0,0.0000,0
51289,19604,2mgu,A,12,E,11,E,4.1600,59.3820,4.1510,59.4110,4.1410,59.4110,0.0100,0.0000,-0.0090,0.0290,0.0089,-0.9696,0,0,0,0.0000,0
51289,19604,2mgu,A,13,F,12,F,5.0440,59.2310,5.0330,58.7120,5.0230,58.7120,0.0100,0.0000,-0.0110,-0.5190,0.1104,0.7733,1,0,0,0.0000,0
51289,19604,2mgu,A,14,K,13,K,4.0420,60.1570,3.9840,59.9560,3.9740,59.9560,0.0100,0.0000,-0.0580,-0.2010,0.0592,-0.1059,0,0,0,0.0000,0
51289,19604,2mgu,A,15,E,14,E,4.1600,59.4000,4.1230,59.5620,4.1130,59.5620,0.0100,0.0000,-0.0370,0.1620,0.0432,-0.3800,0,0,0,0.0000,0
51289,19604,2mgu,A,16,A,15,A,4.3170,55.3500,4.3340,55.1380,4.3240,55.1380,0.0100,0.0000,0.0170,-0.2120,0.0466,-0.3224,0,0,0,0.0000,0
51289,19604,2mgu,A,17,F,16,F,3.2500,61.9630,3.2800,61.9880,3.2700,61.9880,0.0100,0.0000,0.0300,0.0250,0.0219,-0.7461,0,0,0,0.0000,0
51289,19604,2mgu,A,18,S,17,S,4.1630,61.4520,4.0960,61.5320,4.0860,61.5320,0.0100,0.0000,-0.0670,0.0800,0.0503,-0.2576,0,0,0,0.0000,0
51289,19604,2mgu,A,19,L,18,L,4.0220,57.2150,3.9600,57.4870,3.9500,57.4870,0.0100,0.0000,-0.0620,0.2720,0.0725,0.1226,1,0,0,4.0381,1
51289,19604,2mgu,A,20,F,19,F,4.2640,59.3640,4.0420,59.4060,4.0320,59.4060,0.0100,0.0000,-0.2220,0.0420,0.1572,1.5778,1,1,0,3.1339,1
51289,19604,2mgu,A,21,D,20,D,4.5610,52.4230,4.6030,52.4680,4.5930,52.4680,0.0100,0.0000,0.0420,0.0450,0.0312,-0.5860,0,0,0,1.5424,1
51289,19604,2mgu,A,22,K,21,K,3.9860,58.4420,3.9880,58.3200,3.9780,58.3200,0.0100,0.0000,0.0020,-0.1220,0.0259,-0.6766,0,0,0,0.0000,0
51289,19604,2mgu,A,23,D,22,D,4.6050,52.6890,4.5900,52.7910,4.5800,52.7910,0.0100,0.0000,-0.0150,0.1020,0.0241,-0.7078,0,0,0,0.7258,1
51289,19604,2mgu,A,24,G,23,G,3.8810,47.2610,3.8610,47.2160,3.8510,47.2160,0.0100,0.0000,-0.0200,-0.0450,0.0171,-0.8286,0,0,0,0.0000,0
51289,19604,2mgu,A,25,D,24,D,4.5190,53.8270,4.5250,53.6780,4.5150,53.6780,0.0100,0.0000,0.0060,-0.1490,0.0319,-0.5740,0,0,0,1.3912,1
51289,19604,2mgu,A,26,G,25,G,4.0360,45.5100,4.0425,45.3460,4.0325,45.3460,0.0100,0.0000,0.0065,-0.1640,0.0351,-0.5191,0,0,0,0.0000,0
51289,19604,2mgu,A,27,T,26,T,5.2990,59.8820,5.4410,59.5760,5.4310,59.5760,0.0100,0.0000,0.1420,-0.3060,0.1196,0.9311,1,0,0,0.9073,1
51289,19604,2mgu,A,28,I,27,I,4.9920,60.3380,4.7770,61.1300,4.7670,61.1300,0.0100,0.0000,-0.2150,0.7920,0.2266,2.7684,1,1,1,0.0000,0
51289,19604,2mgu,A,29,T,28,T,4.8320,59.7060,4.9040,59.2170,4.8940,59.2170,0.0100,0.0000,0.0720,-0.4890,0.1156,0.8623,1,0,0,0.0000,0
51289,19604,2mgu,A,30,T,29,T,3.8000,66.4930,3.8000,66.2070,3.7900,66.2070,0.0100,0.0000,0.0000,-0.2860,0.0607,-0.0800,0,0,0,0.0000,0
51289,19604,2mgu,A,31,K,30,K,4.1440,59.2480,4.1280,59.2570,4.1180,59.2570,0.0100,0.0000,-0.0160,0.0090,0.0115,-0.9246,0,0,0,0.0000,0
51289,19604,2mgu,A,32,E,31,E,4.0750,59.3810,4.0260,59.4570,4.0160,59.4570,0.0100,0.0000,-0.0490,0.0760,0.0382,-0.4655,0,0,0,2.6241,1
51289,19604,2mgu,A,33,L,32,L,4.1050,58.0430,4.2040,58.1870,4.1940,58.1870,0.0100,0.0000,0.0990,0.1440,0.0764,0.1897,1,0,0,0.0000,0
51289,19604,2mgu,A,34,G,33,G,3.7915,48.3950,3.7890,48.2270,3.7790,48.2270,0.0100,0.0000,-0.0025,-0.1680,0.0357,-0.5090,0,0,0,0.0000,0
51289,19604,2mgu,A,35,T,34,T,3.9390,66.8820,3.9450,66.9640,3.9350,66.9640,0.0100,0.0000,0.0060,0.0820,0.0179,-0.8142,0,0,0,0.0000,0
51289,19604,2mgu,A,36,V,35,V,3.4820,66.3360,3.5810,66.5590,3.5710,66.5590,0.0100,0.0000,0.0990,0.2230,0.0845,0.3290,1,0,0,0.0000,0
51289,19604,2mgu,A,37,M,36,M,4.1270,59.1060,3.9090,60.1560,3.8990,60.1560,0.0100,0.0000,-0.2180,1.0500,0.2709,3.5289,1,1,1,4.1311,1
51289,19604,2mgu,A,38,R,37,R,4.8230,59.1690,4.7910,59.2560,4.7810,59.2560,0.0100,0.0000,-0.0320,0.0870,0.0292,-0.6202,0,0,0,0.0000,0
51289,19604,2mgu,A,39,S,38,S,4.4140,61.5190,4.4060,61.7580,4.3960,61.7580,0.0100,0.0000,-0.0080,0.2390,0.0510,-0.2457,0,0,0,5.2949,1
51289,19604,2mgu,A,40,L,39,L,4.5140,54.5500,4.4510,54.6160,4.4410,54.6160,0.0100,0.0000,-0.0630,0.0660,0.0467,-0.3199,0,0,0,13.3066,1
51289,19604,2mgu,A,41,G,40,G,4.0435,45.5670,4.0345,45.6150,4.0245,45.6150,0.0100,0.0000,-0.0090,0.0480,0.0120,-0.9154,0,0,0,0.0000,0
51289,19604,2mgu,A,42,Q,41,Q,4.5010,54.5520,4.5110,54.3180,4.5010,54.3180,0.0100,0.0000,0.0100,-0.2340,0.0501,-0.2607,0,0,0,0.0000,0
51289,19604,2mgu,A,43,N,42,N,5.2060,51.1910,5.2220,51.1280,5.2120,51.1280,0.0100,0.0000,0.0160,-0.0630,0.0175,-0.8209,0,0,0,0.0000,0
51289,19604,2mgu,A,44,P,43,P,4.7800,62.3970,4.7940,62.3220,4.7840,62.3220,0.0100,0.0000,0.0140,-0.0750,0.0187,-0.7998,0,0,0,,0
51289,19604,2mgu,A,45,T,44,T,4.4590,60.5460,4.4710,60.4110,4.4610,60.4110,0.0100,0.0000,0.0120,-0.1350,0.0299,-0.6088,0,0,0,0.0000,0
51289,19604,2mgu,A,46,E,45,E,3.9920,60.1080,4.0200,59.8830,4.0100,59.8830,0.0100,0.0000,0.0280,-0.2250,0.0517,-0.2344,0,0,0,0.0000,0
51289,19604,2mgu,A,47,A,46,A,4.1200,55.0550,4.1270,55.0130,4.1170,55.0130,0.0100,0.0000,0.0070,-0.0420,0.0102,-0.9466,0,0,0,0.0000,0
51289,19604,2mgu,A,48,E,47,E,4.0430,59.1300,4.0450,59.1630,4.0350,59.1630,0.0100,0.0000,0.0020,0.0330,0.0071,-0.9989,0,0,0,0.0000,0
51289,19604,2mgu,A,49,L,48,L,4.0930,57.8430,4.0350,57.8410,4.0250,57.8410,0.0100,0.0000,-0.0580,-0.0020,0.0410,-0.4174,0,0,0,0.0000,0
51289,19604,2mgu,A,50,Q,49,Q,3.8520,58.5670,3.8130,58.5610,3.8030,58.5610,0.0100,0.0000,-0.0390,-0.0060,0.0276,-0.6476,0,0,0,0.0000,0
51289,19604,2mgu,A,51,D,50,D,4.4320,57.6800,4.4080,57.6090,4.3980,57.6090,0.0100,0.0000,-0.0240,-0.0710,0.0227,-0.7320,0,0,0,0.0000,0
51289,19604,2mgu,A,52,M,51,M,4.0540,59.4070,4.0600,59.5550,4.0500,59.5550,0.0100,0.0000,0.0060,0.1480,0.0317,-0.5776,0,0,0,13.5248,1
51289,19604,2mgu,A,53,I,52,I,3.5120,64.9380,3.6090,64.1060,3.5990,64.1060,0.0100,0.0000,0.0970,-0.8320,0.1894,2.1293,1,1,1,0.0000,0
51289,19604,2mgu,A,54,N,53,N,4.3890,55.9600,4.4270,55.9050,4.4170,55.9050,0.0100,0.0000,0.0380,-0.0550,0.0293,-0.6186,0,0,0,0.0000,0
51289,19604,2mgu,A,55,E,54,E,4.0490,58.9850,4.0580,59.0770,4.0480,59.0770,0.0100,0.0000,0.0090,0.0920,0.0205,-0.7691,0,0,0,5.6520,1
51289,19604,2mgu,A,56,V,55,V,4.4930,60.8220,4.2370,60.8320,4.2270,60.8320,0.0100,0.0000,-0.2560,0.0100,0.1810,1.9864,1,1,0,5.0542,1
51289,19604,2mgu,A,57,D,56,D,4.6620,53.8120,4.4780,53.7000,4.4680,53.7000,0.0100,0.0000,-0.1840,-0.1120,0.1323,1.1491,1,1,0,0.6653,1
51289,19604,2mgu,A,58,A,57,A,4.2120,54.2520,4.2390,54.3550,4.2290,54.3550,0.0100,0.0000,0.0270,0.1030,0.0290,-0.6234,0,0,0,0.0000,0
51289,19604,2mgu,A,59,D,58,D,4.6540,52.5490,4.6470,52.7680,4.6370,52.7680,0.0100,0.0000,-0.0070,0.2190,0.0467,-0.3195,0,0,0,1.0585,1
51289,19604,2mgu,A,60,G,59,G,3.8685,47.2020,3.8445,47.2000,3.8345,47.2000,0.0100,0.0000,-0.0240,-0.0020,0.0170,-0.8301,0,0,0,0.0000,0
51289,19604,2mgu,A,61,N,60,N,4.6560,52.5060,4.6300,52.6770,4.6200,52.6770,0.0100,0.0000,-0.0260,0.1710,0.0407,-0.4234,0,0,0,1.1795,1
51289,19604,2mgu,A,62,G,61,G,3.8560,45.7460,3.8815,45.6390,3.8715,45.6390,0.0100,0.0000,0.0255,-0.1070,0.0290,-0.6239,0,0,0,0.0000,0
51289,19604,2mgu,A,63,T,62,T,4.7670,59.5620,4.8100,59.3270,4.8000,59.3270,0.0100,0.0000,0.0430,-0.2350,0.0584,-0.1191,0,0,0,0.6653,1
51289,19604,2mgu,A,64,I,63,I,5.1820,59.9890,5.2240,59.0510,5.2140,59.0510,0.0100,0.0000,0.0420,-0.9380,0.2012,2.3324,1,1,1,3.7164,1
51289,19604,2mgu,A,65,D,64,D,5.3660,52.2060,5.5170,51.9850,5.5070,51.9850,0.0100,0.0000,0.1510,-0.2210,0.1166,0.8805,1,0,0,0.0000,0
51289,19604,2mgu,A,66,F,65,F,4.0230,63.6840,3.9890,63.0850,3.9790,63.0850,0.0100,0.0000,-0.0340,-0.5990,0.1293,1.0987,1,1,0,0.0000,0
51289,19604,2mgu,A,67,P,66,P,3.9030,66.5060,3.8980,66.8500,3.8880,66.8500,0.0100,0.0000,-0.0050,0.3440,0.0731,0.1327,1,0,0,,0
51289,19604,2mgu,A,68,E,67,E,4.1300,58.6640,3.9750,59.0450,3.9650,59.0450,0.0100,0.0000,-0.1550,0.3810,0.1362,1.2164,1,1,0,2.6316,1
51289,19604,2mgu,A,69,F,68,F,3.9790,61.2960,3.7950,61.4870,3.7850,61.4870,0.0100,0.0000,-0.1840,0.1910,0.1363,1.2180,1,1,0,1.4514,1
51289,19604,2mgu,A,70,L,69,L,3.3600,57.9550,3.3780,57.8540,3.3680,57.8540,0.0100,0.0000,0.0180,-0.1010,0.0249,-0.6937,0,0,0,0.0000,0
51289,19604,2mgu,A,71,T,70,T,3.8020,66.3640,3.7070,66.5580,3.6970,66.5580,0.0100,0.0000,-0.0950,0.1940,0.0788,0.2309,1,0,0,0.0000,0
51289,19604,2mgu,A,72,M,71,M,3.7720,59.0530,3.7670,58.3340,3.7570,58.3340,0.0100,0.0000,-0.0050,-0.7190,0.1526,1.4977,1,1,0,4.2625,1
51289,19604,2mgu,A,73,M,72,M,4.0220,55.8350,3.9870,55.1380,3.9770,55.1380,0.0100,0.0000,-0.0350,-0.6970,0.1499,1.4522,1,1,0,10.0543,1
51289,19604,2mgu,A,74,A,73,A,4.1040,54.4460,4.1920,53.1000,4.1820,53.1000,0.0100,0.0000,0.0880,-1.3460,0.2922,3.8955,1,1,1,0.0000,0
51289,19604,2mgu,A,75,R,74,R,4.1110,57.9930,4.1980,56.9770,4.1880,56.9770,0.0100,0.0000,0.0870,-1.0160,0.2241,2.7264,1,1,1,1.5080,1
51289,19604,2mgu,A,77,M,76,M,4.3930,56.3350,4.4230,55.8040,4.4130,55.8040,0.0100,0.0000,0.0300,-0.5310,0.1146,0.8463,1,0,0,2.5707,1
51289,19604,2mgu,A,78,K,77,K,4.3410,56.4470,4.3310,56.4180,4.3210,56.4180,0.0100,0.0000,-0.0100,-0.0290,0.0094,-0.9606,0,0,0,0.0000,0
51289,19604,2mgu,A,79,D,78,D,4.6910,54.5830,4.6280,54.8550,4.6180,54.8550,0.0100,0.0000,-0.0630,0.2720,0.0729,0.1299,1,0,0,0.0000,0
51289,19604,2mgu,A,80,T,79,T,4.3450,62.2180,4.3150,62.1240,4.3050,62.1240,0.0100,0.0000,-0.0300,-0.0940,0.0291,-0.6217,0,0,0,1.5726,1
51289,19604,2mgu,A,81,D,80,D,4.7170,54.5440,4.6850,54.6550,4.6750,54.6550,0.0100,0.0000,-0.0320,0.1110,0.0327,-0.5609,0,0,0,12.5110,1
51289,19604,2mgu,A,82,S,81,S,4.4570,59.5770,4.4390,59.3370,4.4290,59.3370,0.0100,0.0000,-0.0180,-0.2400,0.0525,-0.2206,0,0,0,0.0000,0
51289,19604,2mgu,A,83,E,82,E,4.2240,58.3320,4.0830,59.1790,4.0730,59.1790,0.0100,0.0000,-0.1410,0.8470,0.2055,2.4062,1,1,1,0.0000,0
51289,19604,2mgu,A,84,E,83,E,4.0770,59.4560,4.0540,59.6470,4.0440,59.6470,0.0100,0.0000,-0.0230,0.1910,0.0437,-0.3720,0,0,0,6.4876,1
51289,19604,2mgu,A,85,E,84,E,4.1570,59.4750,4.1230,59.4770,4.1130,59.4770,0.0100,0.0000,-0.0340,0.0020,0.0240,-0.7087,0,0,0,0.0000,0
51289,19604,2mgu,A,86,I,85,I,4.0710,64.4830,3.9280,65.3270,3.9180,65.3270,0.0100,0.0000,-0.1430,0.8440,0.2056,2.4086,1,1,1,0.0000,0
51289,19604,2mgu,A,87,R,86,R,4.1800,60.0440,4.1760,60.0260,4.1660,60.0260,0.0100,0.0000,-0.0040,-0.0180,0.0048,-1.0400,0,0,0,3.3028,1
51289,19604,2mgu,A,88,E,87,E,4.1720,58.9950,4.1200,59.1070,4.1100,59.1070,0.0100,0.0000,-0.0520,0.1120,0.0438,-0.3700,0,0,0,0.0000,0
51289,19604,2mgu,A,89,A,88,A,4.2250,55.1920,4.0350,54.9860,4.0250,54.9860,0.0100,0.0000,-0.1900,-0.2060,0.1413,1.3039,1,1,0,0.0000,0
51289,19604,2mgu,A,90,F,89,F,3.1510,62.0950,3.1590,62.3660,3.1490,62.3660,0.0100,0.0000,0.0080,0.2710,0.0578,-0.1298,0,0,0,0.0000,0
51289,19604,2mgu,A,91,R,90,R,3.9030,58.9460,3.9020,58.8880,3.8920,58.8880,0.0100,0.0000,-0.0010,-0.0580,0.0123,-0.9100,0,0,0,0.0000,0
51289,19604,2mgu,A,92,V,91,V,3.5200,65.6840,3.5340,65.5960,3.5240,65.5960,0.0100,0.0000,0.0140,-0.0880,0.0211,-0.7588,0,0,0,0.0000,0
51289,19604,2mgu,A,93,F,92,F,4.2590,59.8910,4.2880,58.6810,4.2780,58.6810,0.0100,0.0000,0.0290,-1.2100,0.2575,3.2992,1,1,1,0.0000,0
51289,19604,2mgu,A,94,D,93,D,4.5410,52.3260,4.5510,52.1820,4.5410,52.1820,0.0100,0.0000,0.0100,-0.1440,0.0314,-0.5832,0,0,0,0.9678,1
51289,19604,2mgu,A,95,K,94,K,3.9290,59.0670,3.9160,59.0620,3.9060,59.0620,0.0100,0.0000,-0.0130,-0.0050,0.0093,-0.9627,0,0,0,0.0000,0
51289,19604,2mgu,A,96,D,95,D,4.5770,52.9900,4.5640,53.0660,4.5540,53.0660,0.0100,0.0000,-0.0130,0.0760,0.0186,-0.8029,0,0,0,0.9678,1
51289,19604,2mgu,A,97,G,96,G,3.8440,47.1530,3.8370,47.1480,3.8270,47.1480,0.0100,0.0000,-0.0070,-0.0050,0.0051,-1.0346,0,0,0,0.0000,0
51289,19604,2mgu,A,98,N,97,N,4.6590,52.6050,4.6560,52.6550,4.6460,52.6550,0.0100,0.0000,-0.0030,0.0500,0.0108,-0.9358,0,0,0,0.7863,1
51289,19604,2mgu,A,99,G,98,G,3.7510,45.2040,3.7665,45.0320,3.7565,45.0320,0.0100,0.0000,0.0155,-0.1720,0.0381,-0.4675,0,0,0,0.0000,0
51289,19604,2mgu,A,100,Y,99,Y,5.0670,56.0600,5.0710,56.1890,5.0610,56.1890,0.0100,0.0000,0.0040,0.1290,0.0275,-0.6492,0,0,0,1.4517,1
51289,19604,2mgu,A,101,I,100,I,4.8500,60.1840,4.7940,61.0190,4.7840,61.0190,0.0100,0.0000,-0.0560,0.8350,0.1815,1.9945,1,1,0,0.0000,0
51289,19604,2mgu,A,102,S,101,S,4.8590,55.8650,4.8950,55.7220,4.8850,55.7220,0.0100,0.0000,0.0360,-0.1430,0.0396,-0.4417,0,0,0,0.0000,0
51289,19604,2mgu,A,103,A,102,A,3.9390,55.9950,3.9340,55.9540,3.9240,55.9540,0.0100,0.0000,-0.0050,-0.0410,0.0094,-0.9604,0,0,0,0.0000,0
51289,19604,2mgu,A,104,A,103,A,4.0530,55.2620,4.0340,55.2190,4.0240,55.2190,0.0100,0.0000,-0.0190,-0.0430,0.0162,-0.8428,0,0,0,0.0000,0
51289,19604,2mgu,A,105,E,104,E,4.0880,59.3840,4.0470,59.2500,4.0370,59.2500,0.0100,0.0000,-0.0410,-0.1340,0.0406,-0.4245,0,0,0,2.0113,1
51289,19604,2mgu,A,106,L,105,L,4.1270,58.2290,4.0460,58.0520,4.0360,58.0520,0.0100,0.0000,-0.0810,-0.1770,0.0685,0.0542,1,0,0,1.1498,1
51289,19604,2mgu,A,107,R,106,R,3.8330,59.7030,3.7180,60.0300,3.7080,60.0300,0.0100,0.0000,-0.1150,0.3270,0.1069,0.7135,1,0,0,0.0000,0
51289,19604,2mgu,A,108,H,107,H,4.3340,,4.2960,59.8420,4.2960,59.8420,,,-0.0380,,,,0,,,0.0000,0
51289,19604,2mgu,A,109,V,108,V,3.5180,65.9390,3.4680,66.4520,3.4580,66.4520,0.0100,0.0000,-0.0500,0.5130,0.1144,0.8429,1,0,0,0.0000,0
51289,19604,2mgu,A,110,M,109,M,4.3750,57.5030,4.3060,57.0620,4.2960,57.0620,0.0100,0.0000,-0.0690,-0.4410,0.1055,0.6898,1,0,0,3.3010,1
51289,19604,2mgu,A,111,T,110,T,4.2200,65.4840,4.0900,66.4020,4.0800,66.4020,0.0100,0.0000,-0.1300,0.9180,0.2153,2.5755,1,1,1,0.0000,0
51289,19604,2mgu,A,112,N,111,N,4.5320,55.4800,4.4550,55.8110,4.4450,55.8110,0.0100,0.0000,-0.0770,0.3310,0.0889,0.4039,1,0,0,0.0000,0
51289,19604,2mgu,A,113,L,112,L,4.3320,55.3570,4.3550,55.0910,4.3450,55.0910,0.0100,0.0000,0.0230,-0.2660,0.0587,-0.1134,0,0,0,0.0377,1
51289,19604,2mgu,A,114,G,113,G,3.9935,45.4890,3.9865,45.4160,3.9765,45.4160,0.0100,0.0000,-0.0070,-0.0730,0.0163,-0.8424,0,0,0,0.0000,0
51289,19604,2mgu,A,115,E,114,E,4.4150,55.5020,4.4370,54.5960,4.4270,54.5960,0.0100,0.0000,0.0220,-0.9060,0.1928,2.1888,1,1,1,0.8166,1
51289,19604,2mgu,A,116,K,115,K,4.3940,55.7380,4.3900,55.3930,4.3800,55.3930,0.0100,0.0000,-0.0040,-0.3450,0.0732,0.1358,1,0,0,0.0000,0
51289,19604,2mgu,A,117,L,116,L,4.7440,54.2300,4.7770,54.0810,4.7670,54.0810,0.0100,0.0000,0.0330,-0.1490,0.0393,-0.4470,0,0,0,1.4703,1
51289,19604,2mgu,A,118,T,117,T,4.4850,60.7640,4.4620,60.6900,4.4520,60.6900,0.0100,0.0000,-0.0230,-0.0740,0.0226,-0.7335,0,0,0,0.0000,0
51289,19604,2mgu,A,119,D,118,D,4.2190,58.0660,4.2230,57.9920,4.2130,57.9920,0.0100,0.0000,0.0040,-0.0740,0.0160,-0.8477,0,0,0,0.0000,0
51289,19604,2mgu,A,120,E,119,E,4.1020,60.0100,4.0980,60.0130,4.0880,60.0130,0.0100,0.0000,-0.0040,0.0030,0.0029,-1.0718,0,0,0,0.0000,0
51289,19604,2mgu,A,121,E,120,E,4.0240,59.3060,3.9920,59.2520,3.9820,59.2520,0.0100,0.0000,-0.0320,-0.0540,0.0254,-0.6861,0,0,0,4.4698,1
51289,19604,2mgu,A,122,V,121,V,3.6400,67.0130,3.4660,66.8810,3.4560,66.8810,0.0100,0.0000,-0.1740,-0.1320,0.1262,1.0448,1,1,0,0.0000,0
51289,19604,2mgu,A,123,D,122,D,4.3500,57.7030,4.3730,57.7140,4.3630,57.7140,0.0100,0.0000,0.0230,0.0110,0.0164,-0.8395,0,0,0,0.0000,0
51289,19604,2mgu,A,124,E,123,E,4.0460,59.0970,4.0550,59.3050,4.0450,59.3050,0.0100,0.0000,0.0090,0.2080,0.0446,-0.3562,0,0,0,4.6233,1
51289,19604,2mgu,A,125,M,124,M,4.0490,59.4370,4.1850,60.4200,4.1750,60.4200,0.0100,0.0000,0.1360,0.9830,0.2296,2.8208,1,1,1,9.2161,1
51289,19604,2mgu,A,126,I,125,I,3.5160,63.9210,3.7190,64.3390,3.7090,64.3390,0.0100,0.0000,0.2030,0.4180,0.1687,1.7751,1,1,0,0.0000,0
51289,19604,2mgu,A,127,R,126,R,4.0160,59.7680,4.0820,59.8280,4.0720,59.8280,0.0100,0.0000,0.0660,0.0600,0.0484,-0.2911,0,0,0,0.0000,0
51289,19604,2mgu,A,128,E,127,E,4.0010,58.4350,3.9940,58.8050,3.9840,58.8050,0.0100,0.0000,-0.0070,0.3700,0.0786,0.2286,1,0,0,2.0923,1
51289,19604,2mgu,A,129,A,128,A,4.4160,52.1910,4.4630,51.7200,4.4530,51.7200,0.0100,0.0000,0.0470,-0.4710,0.1053,0.6862,1,0,0,0.0000,0
51289,19604,2mgu,A,130,D,129,D,4.5340,53.9880,4.5070,54.3360,4.4970,54.3360,0.0100,0.0000,-0.0270,0.3480,0.0763,0.1875,1,0,0,0.5746,1
51289,19604,2mgu,A,131,I,130,I,3.9280,63.3540,3.9180,63.4330,3.9080,63.4330,0.0100,0.0000,-0.0100,0.0790,0.0182,-0.8093,0,0,0,0.0000,0
51289,19604,2mgu,A,132,D,131,D,4.5900,53.7740,4.5230,53.8280,4.5130,53.8280,0.0100,0.0000,-0.0670,0.0540,0.0487,-0.2847,0,0,0,1.4214,1
51289,19604,2mgu,A,133,G,132,G,3.9075,47.4980,3.9060,47.5270,3.8960,47.5270,0.0100,0.0000,-0.0015,0.0290,0.0062,-1.0144,0,0,0,0.0000,0
51289,19604,2mgu,A,134,D,133,D,4.4940,53.7120,4.4880,53.6530,4.4780,53.6530,0.0100,0.0000,-0.0060,-0.0590,0.0132,-0.8947,0,0,0,1.4819,1
51289,19604,2mgu,A,135,G,134,G,3.7470,45.7570,3.7470,45.8680,3.7370,45.8680,0.0100,0.0000,0.0000,0.1110,0.0235,-0.7173,0,0,0,0.0000,0
51289,19604,2mgu,A,136,Q,135,Q,4.8610,53.1450,4.9270,53.2270,4.9170,53.2270,0.0100,0.0000,0.0660,0.0820,0.0498,-0.2665,0,0,0,0.6049,1
51289,19604,2mgu,A,137,V,136,V,5.2230,61.7030,5.2280,61.6630,5.2180,61.6630,0.0100,0.0000,0.0050,-0.0400,0.0092,-0.9637,0,0,0,0.0000,0
51289,19604,2mgu,A,138,N,137,N,5.2220,51.0830,5.3090,51.0260,5.2990,51.0260,0.0100,0.0000,0.0870,-0.0570,0.0627,-0.0452,0,0,0,0.0000,0
51289,19604,2mgu,A,139,Y,138,Y,3.4700,62.8980,3.3520,62.5170,3.3420,62.5170,0.0100,0.0000,-0.1180,-0.3810,0.1162,0.8728,1,0,0,0.0000,0
51289,19604,2mgu,A,140,E,139,E,3.6670,60.4580,3.6280,60.3140,3.6180,60.3140,0.0100,0.0000,-0.0390,-0.1440,0.0412,-0.4150,0,0,0,0.0000,0
51289,19604,2mgu,A,141,E,140,E,4.0700,58.4210,3.9150,58.5320,3.9050,58.5320,0.0100,0.0000,-0.1550,0.1110,0.1121,0.8030,1,0,0,2.4422,1
51289,19604,2mgu,A,142,F,141,F,4.0220,61.5770,3.7410,61.9830,3.7310,61.9830,0.0100,0.0000,-0.2810,0.4060,0.2166,2.5964,1,1,1,0.0000,0
51289,19604,2mgu,A,143,V,142,V,3.1430,67.0510,3.0540,67.1180,3.0440,67.1180,0.0100,0.0000,-0.0890,0.0670,0.0645,-0.0139,0,0,0,0.0000,0
51289,19604,2mgu,A,144,Q,143,Q,3.9170,58.7210,3.8120,58.8170,3.8020,58.8170,0.0100,0.0000,-0.1050,0.0960,0.0770,0.2002,1,0,0,0.0000,0
51289,19604,2mgu,A,145,M,144,M,4.1070,58.3440,4.1550,55.9390,4.1450,55.9390,0.0100,0.0000,0.0480,-2.4050,0.5113,7.6566,1,1,1,0.9236,1
51289,19604,2mgu,A,146,M,145,M,4.3250,55.2680,4.3110,55.4160,4.3010,55.4160,0.0100,0.0000,-0.0140,0.1480,0.0329,-0.5564,0,0,0,5.9700,1
51289,19604,2mgu,A,147,T,146,T,4.2800,62.7540,4.3180,61.9420,4.3080,61.9420,0.0100,0.0000,0.0380,-0.8120,0.1743,1.8714,1,1,0,0.0000,0
51289,19604,2mgu,A,148,A,147,A,4.3290,52.7740,4.2180,52.9980,4.2080,52.9980,0.0100,0.0000,-0.1110,0.2240,0.0918,0.4537,1,0,0,3.4788,1
51289,19604,2mgu,A,149,K,148,K,4.1530,57.6150,4.1410,57.3080,4.1310,57.3080,0.0100,0.0000,-0.0120,-0.3070,0.0657,0.0060,1,0,0,2.1677,1
