residue_number,residue_name,chain_id,min_ca_distance,passes_filter,nearest_ligand_residue,distance_threshold
1158,ASN,A,8.9150,False,244,6.0000
1159,LEU,A,7.2937,False,239,6.0000
1160,ALA,A,4.4143,True,240,6.0000
1161,GLY,A,4.4090,True,244,6.0000
1162,ALA,A,4.4761,True,245,6.0000
1163,VAL,A,7.4553,False,245,6.0000
1164,GLU,A,7.2613,False,245,6.0000
1165,PHE,A,10.2939,False,245,6.0000
1166,ASN,A,9.3655,False,245,6.0000
1167,ASP,A,6.9535,False,245,6.0000
1168,VAL,A,8.8180,False,239,6.0000
1169,LYS,A,10.8233,False,239,6.0000
1170,THR,A,8.9602,False,243,6.0000
1171,LEU,A,5.8587,True,239,6.0000
1172,LEU,A,8.3627,False,239,6.0000
1173,ARG,A,10.9598,False,239,6.0000
1174,GLU,A,9.0889,False,238,6.0000
1175,TRP,A,7.4865,False,238,6.0000
1176,ILE,A,11.1127,False,238,6.0000
1177,THR,A,12.4416,False,238,6.0000
1178,THR,A,10.2468,False,238,6.0000
1179,ILE,A,8.4042,False,238,6.0000
1180,SER,A,11.5156,False,233,6.0000
1181,ASP,A,9.4151,False,233,6.0000
1182,PRO,A,9.1096,False,238,6.0000
1183,MET,A,6.0454,False,236,6.0000
1184,GLU,A,8.5551,False,236,6.0000
1185,GLU,A,6.2297,False,237,6.0000
1186,ASP,A,5.9254,True,239,6.0000
1187,ILE,A,9.4428,False,239,6.0000
1188,LEU,A,10.5421,False,240,6.0000
1189,GLN,A,7.9384,False,240,6.0000
1190,VAL,A,9.1472,False,239,6.0000
1191,VAL,A,12.7681,False,239,6.0000
1192,LYS,A,12.4947,False,240,6.0000
1193,TYR,A,12.0413,False,240,6.0000
1194,CYS,A,14.6918,False,239,6.0000
1195,THR,A,17.1094,False,240,6.0000
1196,ASP,A,15.9871,False,240,6.0000
1197,LEU,A,17.3774,False,239,6.0000
1198,ILE,A,20.5620,False,239,6.0000
1199,GLU,A,20.8246,False,240,6.0000
1200,GLU,A,19.2443,False,245,6.0000
1201,LYS,A,21.2401,False,245,6.0000
1202,ASP,A,18.1036,False,245,6.0000
1203,LEU,A,20.1800,False,245,6.0000
1204,GLU,A,19.2487,False,245,6.0000
1205,LYS,A,16.0217,False,245,6.0000
1206,LEU,A,16.9634,False,239,6.0000
1207,ASP,A,18.7920,False,239,6.0000
1208,LEU,A,16.5706,False,239,6.0000
1209,VAL,A,13.0825,False,239,6.0000
1210,ILE,A,14.7707,False,239,6.0000
1211,LYS,A,17.4306,False,239,6.0000
1212,TYR,A,15.1464,False,239,6.0000
1213,MET,A,13.1359,False,239,6.0000
1214,LYS,A,16.7568,False,239,6.0000
1215,ARG,A,18.3436,False,239,6.0000
1216,LEU,A,16.1582,False,239,6.0000
1217,MET,A,16.5193,False,239,6.0000
1218,GLN,A,20.2981,False,239,6.0000
1219,GLN,A,20.6811,False,238,6.0000
1220,SER,A,19.0130,False,238,6.0000
1221,VAL,A,22.2503,False,238,6.0000
1222,GLU,A,21.7858,False,238,6.0000
1223,SER,A,18.1228,False,238,6.0000
1224,VAL,A,16.2718,False,238,6.0000
1225,TRP,A,15.0669,False,238,6.0000
1226,ASN,A,18.8141,False,238,6.0000
1227,MET,A,18.7743,False,238,6.0000
1228,ALA,A,15.4181,False,239,6.0000
1229,PHE,A,16.9569,False,239,6.0000
1230,ASP,A,19.9012,False,239,6.0000
1231,PHE,A,17.9764,False,239,6.0000
1232,ILE,A,15.7614,False,239,6.0000
1233,LEU,A,18.7472,False,239,6.0000
1234,ASP,A,21.2513,False,239,6.0000
1235,ASN,A,19.6638,False,239,6.0000
1236,VAL,A,18.8737,False,239,6.0000
1237,GLN,A,22.4956,False,239,6.0000
1238,VAL,A,23.9248,False,239,6.0000
1239,VAL,A,22.7581,False,239,6.0000
1240,LEU,A,23.7914,False,239,6.0000
1241,GLN,A,27.1159,False,239,6.0000
1242,GLN,A,27.6451,False,240,6.0000
1243,THR,A,26.6642,False,240,6.0000
1244,TYR,A,28.0507,False,239,6.0000
1245,GLY,A,30.2665,False,239,6.0000
1246,SER,A,29.0632,False,239,6.0000
1247,THR,A,26.5760,False,239,6.0000
1248,LEU,A,25.4338,False,239,6.0000
1249,LYS,A,25.7535,False,239,6.0000
1250,VAL,A,23.8910,False,239,6.0000
1251,THR,A,26.6913,False,239,6.0000
