residue_number,residue_name,chain_id,delta_sasa,percent_drop,percent_burial,is_occluded,is_proline,nh_mode,probe_radius,n_sasa_holo,h_sasa_holo,n_sasa_receptor,h_sasa_receptor,contact_confirmed,note
16,ASP,A,0.0000,0.0000,0.0000,False,False,sum,0.0000,0.0000,0.0000,0.0000,0.0000,,
17,HIS,A,3.9207,0.0000,15.6828,True,False,sum,0.0000,0.0000,0.0000,0.0000,0.0000,,
18,ILE,A,0.0000,0.0000,0.0000,False,False,sum,0.0000,0.0000,0.0000,0.0000,0.0000,,
19,ASN,A,0.0000,0.0000,0.0000,False,False,sum,0.0000,0.0000,0.0000,0.0000,0.0000,,
20,LEU,A,0.0000,0.0000,0.0000,False,False,sum,0.0000,0.0000,0.0000,0.0000,0.0000,,
21,LYS,A,0.0000,0.0000,0.0000,False,False,sum,0.0000,0.0000,0.0000,0.0000,0.0000,,
22,VAL,A,0.0000,0.0000,0.0000,False,False,sum,0.0000,0.0000,0.0000,0.0000,0.0000,,
23,ALA,A,0.0000,0.0000,0.0000,False,False,sum,0.0000,0.0000,0.0000,0.0000,0.0000,,
24,GLY,A,0.0000,0.0000,0.0000,False,False,sum,0.0000,0.0000,0.0000,0.0000,0.0000,,
25,GLN,A,0.0000,0.0000,0.0000,False,False,sum,0.0000,0.0000,0.0000,0.0000,0.0000,,
26,ASP,A,0.0000,0.0000,0.0000,False,False,sum,0.0000,0.0000,0.0000,0.0000,0.0000,,
27,GLY,A,0.0000,0.0000,0.0000,False,False,sum,0.0000,0.0000,0.0000,0.0000,0.0000,,
28,SER,A,0.0000,0.0000,0.0000,False,False,sum,0.0000,0.0000,0.0000,0.0000,0.0000,,
29,VAL,A,2.8671,0.0000,11.4682,True,False,sum,0.0000,0.0000,0.0000,0.0000,0.0000,,
30,VAL,A,2.6960,0.0000,10.7840,True,False,sum,0.0000,0.0000,0.0000,0.0000,0.0000,,
31,GLN,A,8.2482,0.0000,32.9926,True,False,sum,0.0000,0.0000,0.0000,0.0000,0.0000,,
32,PHE,A,3.4579,0.0000,13.8314,True,False,sum,0.0000,0.0000,0.0000,0.0000,0.0000,,
33,LYS,A,8.8130,0.0000,35.2522,True,False,sum,0.0000,0.0000,0.0000,0.0000,0.0000,,
34,ILE,A,2.3373,0.0000,9.3493,True,False,sum,0.0000,0.0000,0.0000,0.0000,0.0000,,
35,LYS,A,7.0248,0.0000,28.0993,True,False,sum,0.0000,0.0000,0.0000,0.0000,0.0000,,
36,ARG,A,0.0000,0.0000,0.0000,False,False,sum,0.0000,0.0000,0.0000,0.0000,0.0000,,
37,HIS,A,0.2073,0.0000,0.8294,True,False,sum,0.0000,0.0000,0.0000,0.0000,0.0000,,
38,THR,A,3.9584,0.0000,15.8336,True,False,sum,0.0000,0.0000,0.0000,0.0000,0.0000,,
39,PRO,A,0.0000,0.0000,0.0000,False,True,sum,0.0000,0.0000,0.0000,0.0000,0.0000,,
40,LEU,A,0.0000,0.0000,0.0000,False,False,sum,0.0000,0.0000,0.0000,0.0000,0.0000,,
41,SER,A,0.0000,0.0000,0.0000,False,False,sum,0.0000,0.0000,0.0000,0.0000,0.0000,,
42,LYS,A,8.8781,0.0000,35.5125,True,False,sum,0.0000,0.0000,0.0000,0.0000,0.0000,,
43,LEU,A,0.0000,0.0000,0.0000,False,False,sum,0.0000,0.0000,0.0000,0.0000,0.0000,,
44,MET,A,0.0000,0.0000,0.0000,False,False,sum,0.0000,0.0000,0.0000,0.0000,0.0000,,
45,LYS,A,0.0000,0.0000,0.0000,False,False,sum,0.0000,0.0000,0.0000,0.0000,0.0000,,
46,ALA,A,0.0000,0.0000,0.0000,False,False,sum,0.0000,0.0000,0.0000,0.0000,0.0000,,
47,TYR,A,0.4147,0.0000,1.6587,True,False,sum,0.0000,0.0000,0.0000,0.0000,0.0000,,
48,CYS,A,0.0000,0.0000,0.0000,False,False,sum,0.0000,0.0000,0.0000,0.0000,0.0000,,
49,GLU,A,0.0000,0.0000,0.0000,False,False,sum,0.0000,0.0000,0.0000,0.0000,0.0000,,
50,ARG,A,2.8466,0.0000,11.3864,True,False,sum,0.0000,0.0000,0.0000,0.0000,0.0000,,
51,GLN,A,0.0000,0.0000,0.0000,False,False,sum,0.0000,0.0000,0.0000,0.0000,0.0000,,
52,GLY,A,0.0000,0.0000,0.0000,False,False,sum,0.0000,0.0000,0.0000,0.0000,0.0000,,
53,LEU,A,0.0000,0.0000,0.0000,False,False,sum,0.0000,0.0000,0.0000,0.0000,0.0000,,
54,SER,A,0.0000,0.0000,0.0000,False,False,sum,0.0000,0.0000,0.0000,0.0000,0.0000,,
55,MET,A,0.0000,0.0000,0.0000,False,False,sum,0.0000,0.0000,0.0000,0.0000,0.0000,,
56,ARG,A,0.0000,0.0000,0.0000,False,False,sum,0.0000,0.0000,0.0000,0.0000,0.0000,,
57,GLN,A,0.0000,0.0000,0.0000,False,False,sum,0.0000,0.0000,0.0000,0.0000,0.0000,,
58,ILE,A,0.0000,0.0000,0.0000,False,False,sum,0.0000,0.0000,0.0000,0.0000,0.0000,,
59,ARG,A,0.0000,0.0000,0.0000,False,False,sum,0.0000,0.0000,0.0000,0.0000,0.0000,,
60,PHE,A,0.0000,0.0000,0.0000,False,False,sum,0.0000,0.0000,0.0000,0.0000,0.0000,,
61,ARG,A,0.0000,0.0000,0.0000,False,False,sum,0.0000,0.0000,0.0000,0.0000,0.0000,,
62,PHE,A,0.0000,0.0000,0.0000,False,False,sum,0.0000,0.0000,0.0000,0.0000,0.0000,,
63,ASP,A,0.0000,0.0000,0.0000,False,False,sum,0.0000,0.0000,0.0000,0.0000,0.0000,,
64,GLY,A,0.0000,0.0000,0.0000,False,False,sum,0.0000,0.0000,0.0000,0.0000,0.0000,,
65,GLN,A,0.0000,0.0000,0.0000,False,False,sum,0.0000,0.0000,0.0000,0.0000,0.0000,,
66,PRO,A,0.0000,0.0000,0.0000,False,True,sum,0.0000,0.0000,0.0000,0.0000,0.0000,,
67,ILE,A,0.0000,0.0000,0.0000,False,False,sum,0.0000,0.0000,0.0000,0.0000,0.0000,,
68,ASN,A,0.0000,0.0000,0.0000,False,False,sum,0.0000,0.0000,0.0000,0.0000,0.0000,,
69,GLU,A,0.0000,0.0000,0.0000,False,False,sum,0.0000,0.0000,0.0000,0.0000,0.0000,,
70,THR,A,0.0000,0.0000,0.0000,False,False,sum,0.0000,0.0000,0.0000,0.0000,0.0000,,
71,ASP,A,0.0000,0.0000,0.0000,False,False,sum,0.0000,0.0000,0.0000,0.0000,0.0000,,
72,THR,A,0.0000,0.0000,0.0000,False,False,sum,0.0000,0.0000,0.0000,0.0000,0.0000,,
73,PRO,A,0.0000,0.0000,0.0000,False,True,sum,0.0000,0.0000,0.0000,0.0000,0.0000,,
74,ALA,A,0.0000,0.0000,0.0000,False,False,sum,0.0000,0.0000,0.0000,0.0000,0.0000,,
75,GLN,A,0.0000,0.0000,0.0000,False,False,sum,0.0000,0.0000,0.0000,0.0000,0.0000,,
76,LEU,A,0.0000,0.0000,0.0000,False,False,sum,0.0000,0.0000,0.0000,0.0000,0.0000,,
77,GLU,A,0.0000,0.0000,0.0000,False,False,sum,0.0000,0.0000,0.0000,0.0000,0.0000,,
78,MET,A,0.0000,0.0000,0.0000,False,False,sum,0.0000,0.0000,0.0000,0.0000,0.0000,,
79,GLU,A,0.0000,0.0000,0.0000,False,False,sum,0.0000,0.0000,0.0000,0.0000,0.0000,,
80,ASP,A,0.0000,0.0000,0.0000,False,False,sum,0.0000,0.0000,0.0000,0.0000,0.0000,,
81,GLU,A,0.0000,0.0000,0.0000,False,False,sum,0.0000,0.0000,0.0000,0.0000,0.0000,,
82,ASP,A,0.0000,0.0000,0.0000,False,False,sum,0.0000,0.0000,0.0000,0.0000,0.0000,,
83,THR,A,0.0000,0.0000,0.0000,False,False,sum,0.0000,0.0000,0.0000,0.0000,0.0000,,
84,ILE,A,0.0000,0.0000,0.0000,False,False,sum,0.0000,0.0000,0.0000,0.0000,0.0000,,
85,ASP,A,0.0000,0.0000,0.0000,False,False,sum,0.0000,0.0000,0.0000,0.0000,0.0000,,
86,VAL,A,0.0000,0.0000,0.0000,False,False,sum,0.0000,0.0000,0.0000,0.0000,0.0000,,
87,PHE,A,0.0000,0.0000,0.0000,False,False,sum,0.0000,0.0000,0.0000,0.0000,0.0000,,
88,GLN,A,0.0000,0.0000,0.0000,False,False,sum,0.0000,0.0000,0.0000,0.0000,0.0000,,
89,GLN,A,0.0000,0.0000,0.0000,False,False,sum,0.0000,0.0000,0.0000,0.0000,0.0000,,
90,GLN,A,0.0000,0.0000,0.0000,False,False,sum,0.0000,0.0000,0.0000,0.0000,0.0000,,
91,THR,A,0.0000,0.0000,0.0000,False,False,sum,0.0000,0.0000,0.0000,0.0000,0.0000,,
92,GLY,A,0.0000,0.0000,0.0000,False,False,sum,0.0000,0.0000,0.0000,0.0000,0.0000,,
